id,name,link_image,original_season
F0101C01,Akashia,https://static.wikia.nocookie.net/logosrupaulsdragrace/images/a/a4/AkashiaS1CastMug.png,F0101
F0101C02,BeBe Zahara Benet,https://static.wikia.nocookie.net/logosrupaulsdragrace/images/4/40/BeBeZaharaBenetS1CastMug.png,F0101
F0101C03,Jade,https://static.wikia.nocookie.net/logosrupaulsdragrace/images/5/57/JadeSotomayorS1CastMug.png,F0101
F0101C04,Nina Flowers,https://static.wikia.nocookie.net/logosrupaulsdragrace/images/6/6f/NinaFlowersS1CastMug.png,F0101
F0101C05,Ongina,https://static.wikia.nocookie.net/logosrupaulsdragrace/images/c/c3/OnginaS1CastMug.png,F0101
F0101C06,Rebecca Glasscock,https://static.wikia.nocookie.net/logosrupaulsdragrace/images/a/ae/RebeccaGlasscockS1CastMug.png,F0101
F0101C07,Shannel,https://static.wikia.nocookie.net/logosrupaulsdragrace/images/a/a7/ShannelS1CastMug.png,F0101
F0101C08,Tammie Brown,https://static.wikia.nocookie.net/logosrupaulsdragrace/images/9/96/TammieBrownS1CastMug.png,F0101
F0101C09,Victoria Parker,https://static.wikia.nocookie.net/logosrupaulsdragrace/images/5/5c/VictoriaParkerS1CastMug.png,F0101
F0102C01,Jessica Wild,https://static.wikia.nocookie.net/logosrupaulsdragrace/images/9/98/JessicaWildS2CastMug.png,F0102
F0102C02,Jujubee,https://static.wikia.nocookie.net/logosrupaulsdragrace/images/0/06/JujubeeS2CastMug.png,F0102
F0102C03,Morgan McMichaels,https://static.wikia.nocookie.net/logosrupaulsdragrace/images/7/76/MorganMcMichaelsS2CastMug.png,F0102
F0102C04,Mystique Summers Madison,https://static.wikia.nocookie.net/logosrupaulsdragrace/images/d/d6/MystiqueSummersMadisonS2CastMug.png,F0102
F0102C05,Nicole Paige Brooks,https://static.wikia.nocookie.net/logosrupaulsdragrace/images/c/c5/NicolePaigeBrooksS2CastMug.png,F0102
F0102C06,Pandora Boxx,https://static.wikia.nocookie.net/logosrupaulsdragrace/images/9/98/PandoraBoxxS2CastMug.png,F0102
F0102C07,Raven,https://static.wikia.nocookie.net/logosrupaulsdragrace/images/6/68/RavenS2CastMug.png,F0102
F0102C08,Sahara Davenport,https://static.wikia.nocookie.net/logosrupaulsdragrace/images/b/b1/SaharaDavenportS2CastMug.png,F0102
F0102C09,Shangela Laquifa Wadley,https://static.wikia.nocookie.net/logosrupaulsdragrace/images/7/7f/ShangelaS2CastMug.png,F0102
F0102C10,Sonique,https://static.wikia.nocookie.net/logosrupaulsdragrace/images/9/97/SoniqueS2CastMug.png,F0102
F0102C11,Tatianna,https://static.wikia.nocookie.net/logosrupaulsdragrace/images/6/63/TatiannaS2CastMug.png,F0102
F0102C12,Tyra Sanchez,https://static.wikia.nocookie.net/logosrupaulsdragrace/images/d/d5/TyraSanchezS2CastMug.png,F0102
F0103C01,Alexis Mateo,https://static.wikia.nocookie.net/logosrupaulsdragrace/images/e/ee/AlexisMateoS3CastMug.jpeg,F0103
F0103C02,Carmen Carrera,https://static.wikia.nocookie.net/logosrupaulsdragrace/images/6/66/CarmenCarreraS3CastMug.jpeg,F0103
F0103C03,Delta Work,https://static.wikia.nocookie.net/logosrupaulsdragrace/images/9/95/DeltaWorkS3CastMug.jpeg,F0103
F0103C04,India Ferrah,https://static.wikia.nocookie.net/logosrupaulsdragrace/images/0/06/IndiaFerrahS3CastMug.jpeg,F0103
F0103C05,Manila Luzon,https://static.wikia.nocookie.net/logosrupaulsdragrace/images/8/88/ManilaLuzonS3CastMug.jpeg,F0103
F0103C06,Mariah,https://static.wikia.nocookie.net/logosrupaulsdragrace/images/2/20/MariahParisBalenciagaS3CastMug.jpeg,F0103
F0103C07,Mimi Imfurst,https://static.wikia.nocookie.net/logosrupaulsdragrace/images/6/66/MimiImfurstS3CastMug.jpeg,F0103
F0103C08,Phoenix,https://static.wikia.nocookie.net/logosrupaulsdragrace/images/4/44/PhoenixS3CastMug.jpeg,F0103
F0103C09,Raja,https://static.wikia.nocookie.net/logosrupaulsdragrace/images/f/f8/RajaS3CastMug.jpeg,F0103
F0102C09,Shangela Laquifa Wadley,https://static.wikia.nocookie.net/logosrupaulsdragrace/images/f/fa/ShangelaS3CastMug.jpeg,F0102
F0103C11,Stacy Layne Matthews,https://static.wikia.nocookie.net/logosrupaulsdragrace/images/5/53/StacyLayneMatthewsS3CastMug.jpeg,F0103
F0103C12,Venus D-Lite,https://static.wikia.nocookie.net/logosrupaulsdragrace/images/8/8b/VenusD-LiteS3CastMug.jpeg,F0103
F0103C13,Yara Sofia,https://static.wikia.nocookie.net/logosrupaulsdragrace/images/c/c8/YaraSofiaS3CastMug.jpeg,F0103
F0104C01,Alisa Summers,https://static.wikia.nocookie.net/logosrupaulsdragrace/images/6/68/AlisaSummersS4CastMug.png,F0104
F0104C02,Chad Michaels,https://static.wikia.nocookie.net/logosrupaulsdragrace/images/e/ea/ChadMichaelsS4CastMug.jpg,F0104
F0104C03,Dida Ritz,https://static.wikia.nocookie.net/logosrupaulsdragrace/images/f/f9/DidaRitzS4CastMug.jpg,F0104
F0104C04,Jiggly Caliente,https://static.wikia.nocookie.net/logosrupaulsdragrace/images/a/af/JigglyCalienteS4CastMug.jpg,F0104
F0104C05,Kenya Michaels,https://static.wikia.nocookie.net/logosrupaulsdragrace/images/0/01/KenyaMichaelsS4CastMug.jpg,F0104
F0104C06,Lashauwn Beyond,https://static.wikia.nocookie.net/logosrupaulsdragrace/images/a/a5/LashauwnBeyondS4CastMug.jpg,F0104
F0104C07,Latrice Royale,https://static.wikia.nocookie.net/logosrupaulsdragrace/images/7/7a/LatriceRoyaleS4CastMug.jpg,F0104
F0104C08,Madame LaQueer,https://static.wikia.nocookie.net/logosrupaulsdragrace/images/0/04/MadameLaQueerS4CastMug.jpg,F0104
F0104C09,Milan,https://static.wikia.nocookie.net/logosrupaulsdragrace/images/6/6f/MilanS4CastMug.jpg,F0104
F0104C10,Phi Phi O'Hara,https://static.wikia.nocookie.net/logosrupaulsdragrace/images/4/46/PhiPhiO%27HaraS4CastMug.jpg,F0104
F0104C11,Sharon Needles,https://static.wikia.nocookie.net/logosrupaulsdragrace/images/f/fd/SharonNeedlesS4CastMug.jpg,F0104
F0104C12,The Princess,https://static.wikia.nocookie.net/logosrupaulsdragrace/images/d/d9/ThePrincessS4CastMug.jpg,F0104
F0104C13,Willam,https://static.wikia.nocookie.net/logosrupaulsdragrace/images/7/7c/WillamS4CastMug.jpg,F0104
F0105C01,Alaska,https://static.wikia.nocookie.net/logosrupaulsdragrace/images/8/8e/AlaskaS5CastMug.jpg,F0105
F0105C02,Alyssa Edwards,https://static.wikia.nocookie.net/logosrupaulsdragrace/images/4/45/AlyssaEdwardsS5CastMug.jpg,F0105
F0105C03,Coco Montrese,https://static.wikia.nocookie.net/logosrupaulsdragrace/images/0/00/CocoMontreseS5CastMug.jpg,F0105
F0105C04,Detox,https://static.wikia.nocookie.net/logosrupaulsdragrace/images/9/96/DetoxS5CastMug.jpg,F0105
F0105C05,Honey Mahogany,https://static.wikia.nocookie.net/logosrupaulsdragrace/images/9/90/HoneyMahoganyS5CastMug.jpg,F0105
F0105C06,Ivy Winters,https://static.wikia.nocookie.net/logosrupaulsdragrace/images/6/6c/IvyWintersS5CastMug.jpg,F0105
F0105C07,Jade Jolie,https://static.wikia.nocookie.net/logosrupaulsdragrace/images/f/f2/JadeJolieS5CastMug.jpg,F0105
F0105C08,Jinkx Monsoon,https://static.wikia.nocookie.net/logosrupaulsdragrace/images/b/b4/JinkxMonsoonS5CastMug.jpg,F0105
F0105C09,Lineysha Sparx,https://static.wikia.nocookie.net/logosrupaulsdragrace/images/c/c9/LineyshaSparxS5CastMug.jpg,F0105
F0105C10,Monica Beverly Hillz,https://static.wikia.nocookie.net/logosrupaulsdragrace/images/2/2e/MonicaBeverlyHillzS5CastMug.jpg,F0105
F0105C11,Penny Tration,https://static.wikia.nocookie.net/logosrupaulsdragrace/images/f/f8/PennyTrationS5CastMug.jpg,F0105
F0105C12,Roxxxy Andrews,https://static.wikia.nocookie.net/logosrupaulsdragrace/images/7/7e/RoxxxyAndrewsS5CastMug.jpg,F0105
F0105C13,Serena ChaCha,https://static.wikia.nocookie.net/logosrupaulsdragrace/images/d/da/SerenaChaChaS5CastMug.jpg,F0105
F0105C14,Vivienne Pinay,https://static.wikia.nocookie.net/logosrupaulsdragrace/images/e/ea/ViviennePinayS5CastMug.jpg,F0105
F0106C01,Adore Delano,https://static.wikia.nocookie.net/logosrupaulsdragrace/images/d/d2/AdoreDelanoS6CastMug.png,F0106
F0106C02,April Carrión,https://static.wikia.nocookie.net/logosrupaulsdragrace/images/c/cd/AprilCarri%C3%B3nS6CastMug.png,F0106
F0106C03,BenDeLaCreme,https://static.wikia.nocookie.net/logosrupaulsdragrace/images/d/df/BenDeLaCremeS6CastMug.png,F0106
F0106C04,Bianca Del Rio,https://static.wikia.nocookie.net/logosrupaulsdragrace/images/e/e7/BiancaDelRioS6CastMug.png,F0106
F0106C05,Courtney Act,https://static.wikia.nocookie.net/logosrupaulsdragrace/images/f/f6/CourtneyActS6CastMug.png,F0106
F0106C06,Darienne Lake,https://static.wikia.nocookie.net/logosrupaulsdragrace/images/6/61/DarienneLakeS6CastMug.png,F0106
F0106C07,Gia Gunn,https://static.wikia.nocookie.net/logosrupaulsdragrace/images/2/2a/GiaGunnS6CastMug.png,F0106
F0106C08,Joslyn Fox,https://static.wikia.nocookie.net/logosrupaulsdragrace/images/d/dc/JoslynFoxS6CastMug.png,F0106
F0106C09,Kelly Mantle,https://static.wikia.nocookie.net/logosrupaulsdragrace/images/a/ab/KellyMantleS6CastMug.png,F0106
F0106C10,Laganja Estranja,https://static.wikia.nocookie.net/logosrupaulsdragrace/images/5/55/LaganjaEstranjaS6CastMug.png,F0106
F0106C11,Magnolia Crawford,https://static.wikia.nocookie.net/logosrupaulsdragrace/images/4/43/MagnoliaCrawfordS6CastMug.png,F0106
F0106C12,Milk,https://static.wikia.nocookie.net/logosrupaulsdragrace/images/7/72/MilkS6CastMug.png,F0106
F0106C13,Trinity K. Bonet,https://static.wikia.nocookie.net/logosrupaulsdragrace/images/0/00/TrinityKBonetS6CastMug.png,F0106
F0106C14,Vivacious,https://static.wikia.nocookie.net/logosrupaulsdragrace/images/1/1f/VivaciousS6CastMug.png,F0106
F0107C01,Frisbee Jenkins,https://static.wikia.nocookie.net/logosrupaulsdragrace/images/2/21/SashaBelleS7CastMug.png,F0107
F0107C02,Ginger Minj,https://static.wikia.nocookie.net/logosrupaulsdragrace/images/1/1d/GingerMinjS7CastMug.png,F0107
F0107C03,Jaidynn Diore Fierce,https://static.wikia.nocookie.net/logosrupaulsdragrace/images/5/50/JaidynnDioreFierceS7CastMug.png,F0107
F0107C04,Jasmine Masters,https://static.wikia.nocookie.net/logosrupaulsdragrace/images/1/19/JasmineMastersS7CastMug.png,F0107
F0107C05,Kandy Ho,https://static.wikia.nocookie.net/logosrupaulsdragrace/images/e/e1/KandyHoS7CastMug.png,F0107
F0107C06,Katya,https://static.wikia.nocookie.net/logosrupaulsdragrace/images/2/23/KatyaS7CastMug.png,F0107
F0107C07,Kennedy Davenport,https://static.wikia.nocookie.net/logosrupaulsdragrace/images/8/83/KennedyDavenportS7CastMug.png,F0107
F0107C08,Max,https://static.wikia.nocookie.net/logosrupaulsdragrace/images/2/27/MaxS7CastMug.png,F0107
F0107C09,Miss Fame,https://static.wikia.nocookie.net/logosrupaulsdragrace/images/9/95/MissFameS7CastMug.png,F0107
F0107C10,Mrs. Kasha Davis,https://static.wikia.nocookie.net/logosrupaulsdragrace/images/9/91/MrsKashaDavisS7CastMug.png,F0107
F0107C11,Pearl,https://static.wikia.nocookie.net/logosrupaulsdragrace/images/c/c0/PearlS7CastMug.png,F0107
F0107C12,Tempest DuJour,https://static.wikia.nocookie.net/logosrupaulsdragrace/images/9/9f/TempestDuJourS7CastMug.png,F0107
F0107C13,Trixie Mattel,https://static.wikia.nocookie.net/logosrupaulsdragrace/images/6/6d/TrixieMattelS7CastMug.png,F0107
F0107C14,Violet Chachki,https://static.wikia.nocookie.net/logosrupaulsdragrace/images/c/c7/VioletChachkiS7CastMug.png,F0107
F0108C01,Acid Betty,https://static.wikia.nocookie.net/logosrupaulsdragrace/images/0/0b/AcidBettyS8CastMug.jpg,F0108
F0108C02,Bob The Drag Queen,https://static.wikia.nocookie.net/logosrupaulsdragrace/images/1/1a/BobTheDragQueenS8CastMug.jpg,F0108
F0108C03,Chi Chi DeVayne,https://static.wikia.nocookie.net/logosrupaulsdragrace/images/2/2a/ChiChiDeVayneS8CastMug.jpg,F0108
F0108C04,Cynthia Lee Fontaine,https://static.wikia.nocookie.net/logosrupaulsdragrace/images/2/28/CynthiaLeeFontaineS8CastMug.jpg,F0108
F0108C05,Dax ExclamationPoint,https://static.wikia.nocookie.net/logosrupaulsdragrace/images/8/8b/DaxExclamationPointS8CastMug.jpg,F0108
F0108C06,Derrick Barry,https://static.wikia.nocookie.net/logosrupaulsdragrace/images/a/aa/DerrickBarryS8CastMug.jpg,F0108
F0108C07,Kim Chi,https://static.wikia.nocookie.net/logosrupaulsdragrace/images/5/5b/KimChiS8CastMug.jpg,F0108
F0108C08,Laila McQueen,https://static.wikia.nocookie.net/logosrupaulsdragrace/images/a/a0/LailaMcQueenS8CastMug.jpg,F0108
F0108C09,Naomi Smalls,https://static.wikia.nocookie.net/logosrupaulsdragrace/images/1/13/NaomiSmallsS8CastMug.jpg,F0108
F0108C10,Naysha Lopez,https://static.wikia.nocookie.net/logosrupaulsdragrace/images/a/ac/NayshaLopezS8CastMug.jpg,F0108
F0108C11,Robbie Turner,https://static.wikia.nocookie.net/logosrupaulsdragrace/images/f/f0/RobbieTurnerS8CastMug.jpg,F0108
F0108C12,Thorgy Thor,https://static.wikia.nocookie.net/logosrupaulsdragrace/images/2/27/ThorgyThorS8CastMug.jpg,F0108
F0109C01,Aja,https://static.wikia.nocookie.net/logosrupaulsdragrace/images/e/ed/AjaS9CastMug.jpg,F0109
F0109C02,Alexis Michelle,https://static.wikia.nocookie.net/logosrupaulsdragrace/images/4/4c/AlexisMichelleS9CastMug.jpg,F0109
F0109C03,Charlie Hides,https://static.wikia.nocookie.net/logosrupaulsdragrace/images/1/1f/CharlieHidesS9CastMug.jpg,F0109
F0108C04,Cynthia Lee Fontaine,https://static.wikia.nocookie.net/logosrupaulsdragrace/images/3/35/CynthiaLeeFontaineS9CastMug.jpg,F0108
F0109C05,Eureka!,https://static.wikia.nocookie.net/logosrupaulsdragrace/images/6/6b/EurekaS9CastMug.jpg,F0109
F0109C06,Farrah Moan,https://static.wikia.nocookie.net/logosrupaulsdragrace/images/1/1a/FarrahMoanS9CastMug.jpg,F0109
F0109C07,Jaymes Mansfield,https://static.wikia.nocookie.net/logosrupaulsdragrace/images/5/53/JaymesMansfieldS9CastMug.jpg,F0109
F0109C08,Kimora Blac,https://static.wikia.nocookie.net/logosrupaulsdragrace/images/3/39/KimoraBlacS9CastMug.jpg,F0109
F0109C09,Nina Bo'nina Brown,https://static.wikia.nocookie.net/logosrupaulsdragrace/images/c/cd/NinaBo%27ninaBrownS9CastMug.jpg,F0109
F0109C10,Peppermint,https://static.wikia.nocookie.net/logosrupaulsdragrace/images/2/25/PeppermintS9CastMug.jpg,F0109
F0109C11,Sasha Velour,https://static.wikia.nocookie.net/logosrupaulsdragrace/images/3/3a/SashaVelourS9CastMug.jpg,F0109
F0109C12,Shea Couleé,https://static.wikia.nocookie.net/logosrupaulsdragrace/images/2/2a/SheaCoule%C3%A9S9CastMug.jpg,F0109
F0109C13,Trinity Taylor,https://static.wikia.nocookie.net/logosrupaulsdragrace/images/9/9d/TrinityTaylorS9CastMug.jpg,F0109
F0109C14,Valentina,https://static.wikia.nocookie.net/logosrupaulsdragrace/images/8/83/ValentinaS9CastMug.jpg,F0109
F0110C01,Aquaria,https://static.wikia.nocookie.net/logosrupaulsdragrace/images/a/a9/AquariaS10CastMug.jpg,F0110
F0110C02,Asia O'Hara,https://static.wikia.nocookie.net/logosrupaulsdragrace/images/0/09/AsiaO%27HaraS10CastMug.jpg,F0110
F0110C03,Blair St. Clair,https://static.wikia.nocookie.net/logosrupaulsdragrace/images/e/e8/BlairStClairS10CastMug.jpg,F0110
F0110C04,Dusty Ray Bottoms,https://static.wikia.nocookie.net/logosrupaulsdragrace/images/9/9c/DustyRayBottomsS10CastMug.jpg,F0110
F0109C05,Eureka!,https://static.wikia.nocookie.net/logosrupaulsdragrace/images/9/9e/EurekaS10CastMug.jpg,F0109
F0110C06,Kalorie Karbdashian-Williams,https://static.wikia.nocookie.net/logosrupaulsdragrace/images/1/15/KalorieKarbdashianWilliamsS10CastMug.jpg,F0110
F0110C07,Kameron Michaels,https://static.wikia.nocookie.net/logosrupaulsdragrace/images/6/6a/KameronMichaelsS10CastMug.jpg,F0110
F0110C08,Mayhem Miller,https://static.wikia.nocookie.net/logosrupaulsdragrace/images/9/96/MayhemMillerS10CastMug.jpg,F0110
F0110C09,Miz Cracker,https://static.wikia.nocookie.net/logosrupaulsdragrace/images/d/dc/MizCrackerS10CastMug.jpg,F0110
F0110C10,Monique Heart,https://static.wikia.nocookie.net/logosrupaulsdragrace/images/f/fe/MoniqueHeartS10CastMug.jpg,F0110
F0110C11,Monét X Change,https://static.wikia.nocookie.net/logosrupaulsdragrace/images/e/ea/Mon%C3%A9tXChangeS10CastMug.jpg,F0110
F0110C12,The Vixen,https://static.wikia.nocookie.net/logosrupaulsdragrace/images/f/f0/TheVixenS10CastMug.jpg,F0110
F0110C13,Vanessa Vanjie Mateo,https://static.wikia.nocookie.net/logosrupaulsdragrace/images/0/06/VanessaVanjieMateoS10CastMug.jpg,F0110
F0110C14,Yuhua Hamasaki,https://static.wikia.nocookie.net/logosrupaulsdragrace/images/6/62/YuhuaHamasakiS10CastMug.jpg,F0110
F0111C01,A'keria Chanel Davenport,https://static.wikia.nocookie.net/logosrupaulsdragrace/images/3/3a/A%27keriaCDavenportS11CastMug.jpg,F0111
F0111C02,Ariel Versace,https://static.wikia.nocookie.net/logosrupaulsdragrace/images/4/42/ArielVersaceS11CastMug.jpg,F0111
F0111C03,Brooke Lynn Hytes,https://static.wikia.nocookie.net/logosrupaulsdragrace/images/7/75/BrookeLynnHytesS11CastMug.jpg,F0111
F0111C04,Honey Davenport,https://static.wikia.nocookie.net/logosrupaulsdragrace/images/f/f1/HoneyDavenportS11CastMug.jpg,F0111
F0111C05,Kahanna Montrese,https://static.wikia.nocookie.net/logosrupaulsdragrace/images/8/8c/KahannaMontreseS11CastMug.jpg,F0111
F0111C06,Mercedes Iman Diamond,https://static.wikia.nocookie.net/logosrupaulsdragrace/images/8/8c/MercedesImanDiamondS11CastMug.jpg,F0111
F0111C07,Nina West,https://static.wikia.nocookie.net/logosrupaulsdragrace/images/9/97/NinaWestS11CastMug.jpg,F0111
F0111C08,Plastique Tiara,https://static.wikia.nocookie.net/logosrupaulsdragrace/images/4/44/PlastiqueTiaraS11CastMug.jpg,F0111
F0111C09,Ra'Jah O'Hara,https://static.wikia.nocookie.net/logosrupaulsdragrace/images/f/f8/Ra%27JahO%27HaraS11CastMug.jpg,F0111
F0111C10,Scarlet Envy,https://static.wikia.nocookie.net/logosrupaulsdragrace/images/3/3b/ScarletEnvyS11CastMug.jpg,F0111
F0111C11,Shuga Cain,https://static.wikia.nocookie.net/logosrupaulsdragrace/images/d/d5/ShugaCainS11CastMug.jpg,F0111
F0111C12,Silky Nutmeg Ganache,https://static.wikia.nocookie.net/logosrupaulsdragrace/images/5/5e/SilkyNutmegGanacheS11CastMug.jpg,F0111
F0111C13,Soju,https://static.wikia.nocookie.net/logosrupaulsdragrace/images/0/02/SojuS11CastMug.jpg,F0111
F0110C13,Vanessa Vanjie Mateo,https://static.wikia.nocookie.net/logosrupaulsdragrace/images/e/e8/VanessaVanjieMateoS11CastMug.jpg,F0110
F0111C15,Yvie Oddly,https://static.wikia.nocookie.net/logosrupaulsdragrace/images/3/3c/YvieOddlyS11CastMug.jpg,F0111
F0112C01,Aiden Zhane,https://static.wikia.nocookie.net/logosrupaulsdragrace/images/2/26/AidenZhaneS12CastMug.png,F0112
F0112C02,Brita,https://static.wikia.nocookie.net/logosrupaulsdragrace/images/3/3e/BritaS12CastMug.png,F0112
F0112C03,Crystal Methyd,https://static.wikia.nocookie.net/logosrupaulsdragrace/images/d/d8/CrystalMethydS12CastMug.png,F0112
F0112C04,Dahlia Sin,https://static.wikia.nocookie.net/logosrupaulsdragrace/images/6/6a/DahliaSinS12CastMug.png,F0112
F0112C05,Gigi Goode,https://static.wikia.nocookie.net/logosrupaulsdragrace/images/b/b8/GigiGoodeS12CastMug.png,F0112
F0112C06,Heidi N Closet,https://static.wikia.nocookie.net/logosrupaulsdragrace/images/5/56/HeidiNClosetS12CastMug.png,F0112
F0112C07,Jackie Cox,https://static.wikia.nocookie.net/logosrupaulsdragrace/images/e/e7/JackieCoxS12CastMug.png,F0112
F0112C08,Jaida Essence Hall,https://static.wikia.nocookie.net/logosrupaulsdragrace/images/8/8e/JaidaEssenceHallS12CastMug.png,F0112
F0112C09,Jan,https://static.wikia.nocookie.net/logosrupaulsdragrace/images/a/a9/JanS12CastMug.png,F0112
F0112C10,Nicky Doll,https://static.wikia.nocookie.net/logosrupaulsdragrace/images/5/5f/NickyDollS12CastMug.png,F0112
F0112C11,Rock M. Sakura,https://static.wikia.nocookie.net/logosrupaulsdragrace/images/d/dd/RockMSakuraS12CastMug.png,F0112
F0112C12,Sherry Pie,https://static.wikia.nocookie.net/logosrupaulsdragrace/images/e/ea/SherryPieS12CastMug.png,F0112
F0112C13,Widow Von'Du,https://static.wikia.nocookie.net/logosrupaulsdragrace/images/3/3d/WidowVon%27DuS12CastMug.png,F0112
F0113C01,Denali,https://static.wikia.nocookie.net/logosrupaulsdragrace/images/3/36/DenaliS13CastMug.jpg,F0113
F0113C02,Elliott with 2 Ts,https://static.wikia.nocookie.net/logosrupaulsdragrace/images/0/0b/ElliottWith2T%27sS13CastMug.jpg,F0113
F0113C03,Gottmik,https://static.wikia.nocookie.net/logosrupaulsdragrace/images/b/bd/GottmikS13CastMug.jpg,F0113
F0113C04,Joey Jay,https://static.wikia.nocookie.net/logosrupaulsdragrace/images/a/a7/JoeyJayS13CastMug.jpg,F0113
F0113C05,Kahmora Hall,https://static.wikia.nocookie.net/logosrupaulsdragrace/images/e/e5/KahmoraHallS13CastMug.jpg,F0113
F0113C06,Kandy Muse,https://static.wikia.nocookie.net/logosrupaulsdragrace/images/6/63/KandyMuseS13CastMug.jpg,F0113
F0113C07,LaLa Ri,https://static.wikia.nocookie.net/logosrupaulsdragrace/images/e/e0/LaLaRiS13CastMug.jpg,F0113
F0113C08,Olivia Lux,https://static.wikia.nocookie.net/logosrupaulsdragrace/images/4/4f/OliviaLuxS13CastMug.jpg,F0113
F0113C09,Rosé,https://static.wikia.nocookie.net/logosrupaulsdragrace/images/7/74/Ros%C3%A9S13CastMug.jpg,F0113
F0113C10,Symone,https://static.wikia.nocookie.net/logosrupaulsdragrace/images/7/7d/SymoneS13CastMug.jpg,F0113
F0113C11,Tamisha Iman,https://static.wikia.nocookie.net/logosrupaulsdragrace/images/3/35/TamishaImanS13CastMug.jpg,F0113
F0113C12,Tina Burner,https://static.wikia.nocookie.net/logosrupaulsdragrace/images/4/44/TinaBurnerS13CastMug.jpg,F0113
F0113C13,Utica Queen,https://static.wikia.nocookie.net/logosrupaulsdragrace/images/d/dc/UticaQueenS13CastMug.jpg,F0113
F0114C01,Alyssa Hunter,https://static.wikia.nocookie.net/logosrupaulsdragrace/images/e/ec/AlyssaHunterS14CastMug.jpg,F0114
F0114C02,Angeria Paris VanMicheals,https://static.wikia.nocookie.net/logosrupaulsdragrace/images/5/5e/AngeriaParisVanMichealsS14CastMug.jpg,F0114
F0114C03,Bosco,https://static.wikia.nocookie.net/logosrupaulsdragrace/images/5/56/BoscoS14CastMug.jpg,F0114
F0114C04,Daya Betty,https://static.wikia.nocookie.net/logosrupaulsdragrace/images/6/69/DayaBettyS14CastMug.jpg,F0114
F0114C05,DeJa Skye,https://static.wikia.nocookie.net/logosrupaulsdragrace/images/a/a4/DeJaSkyeS14CastMug.jpg,F0114
F0114C06,Jasmine Kennedie,https://static.wikia.nocookie.net/logosrupaulsdragrace/images/0/0c/JasmineKennedieS14CastMug.jpg,F0114
F0114C07,Jorgeous,https://static.wikia.nocookie.net/logosrupaulsdragrace/images/f/fa/JorgeousS14CastMug.jpg,F0114
F0114C08,June Jambalaya,https://static.wikia.nocookie.net/logosrupaulsdragrace/images/3/3c/JuneJambalayaS14CastMug.jpg,F0114
F0114C09,Kerri Colby,https://static.wikia.nocookie.net/logosrupaulsdragrace/images/3/30/KerriColbyS14CastMug.jpg,F0114
F0114C10,"Kornbread ""The Snack"" Jeté",https://static.wikia.nocookie.net/logosrupaulsdragrace/images/3/3c/KornbreadJet%C3%A9S14CastMug.jpg,F0114
F0114C11,Lady Camden,https://static.wikia.nocookie.net/logosrupaulsdragrace/images/c/c1/LadyCamdenS14CastMug.jpg,F0114
F0114C12,Maddy Morphosis,https://static.wikia.nocookie.net/logosrupaulsdragrace/images/d/dd/MaddyMorphosisS14CastMug.jpg,F0114
F0114C13,Orion Story,https://static.wikia.nocookie.net/logosrupaulsdragrace/images/4/4a/OrionStoryS14CastMug.jpg,F0114
F0114C14,Willow Pill,https://static.wikia.nocookie.net/logosrupaulsdragrace/images/b/b4/WillowPillS14CastMug.jpg,F0114
F0115C01,Amethyst,https://static.wikia.nocookie.net/logosrupaulsdragrace/images/b/bc/AmethystS15CastMug.jpg,F0115
F0115C02,Anetra,https://static.wikia.nocookie.net/logosrupaulsdragrace/images/c/c7/AnetraS15CastMug.jpg,F0115
F0115C03,Aura Mayari,https://static.wikia.nocookie.net/logosrupaulsdragrace/images/0/0b/AuraMayariS15CastMug.jpg,F0115
F0115C04,Irene Dubois,https://static.wikia.nocookie.net/logosrupaulsdragrace/images/7/72/IreneDuboisS15CastMug.jpg,F0115
F0115C05,Jax,https://static.wikia.nocookie.net/logosrupaulsdragrace/images/2/27/JaxS15CastMug.jpg,F0115
F0115C06,Loosey LaDuca,https://static.wikia.nocookie.net/logosrupaulsdragrace/images/3/31/LooseyLaDucaS15CastMug.jpg,F0115
F0115C07,Luxx Noir London,https://static.wikia.nocookie.net/logosrupaulsdragrace/images/f/f7/LuxxNoirLondonS15CastMug.jpg,F0115
F0115C08,Malaysia Babydoll Foxx,https://static.wikia.nocookie.net/logosrupaulsdragrace/images/b/ba/MalaysiaBabydollFoxxS15CastMug.jpg,F0115
F0115C09,Marcia Marcia Marcia,https://static.wikia.nocookie.net/logosrupaulsdragrace/images/a/ae/MarciaMarciaMarciaS15CastMug.jpg,F0115
F0115C10,Mistress Isabelle Brooks,https://static.wikia.nocookie.net/logosrupaulsdragrace/images/3/3e/MistressIsabelleBrooksS15CastMug.jpg,F0115
F0115C11,Princess Poppy,https://static.wikia.nocookie.net/logosrupaulsdragrace/images/7/70/PrincessPoppyS15CastMug.jpg,F0115
F0115C12,Robin Fierce,https://static.wikia.nocookie.net/logosrupaulsdragrace/images/c/c0/RobinFierceS15CastMug.jpg,F0115
F0115C13,Salina EsTitties,https://static.wikia.nocookie.net/logosrupaulsdragrace/images/2/20/SalinaEsTittiesS15CastMug.jpg,F0115
F0115C14,Sasha Colby,https://static.wikia.nocookie.net/logosrupaulsdragrace/images/6/60/SashaColbyS15CastMug.jpg,F0115
F0115C15,Spice,https://static.wikia.nocookie.net/logosrupaulsdragrace/images/1/15/SpiceS15CastMug.jpg,F0115
F0115C16,Sugar,https://static.wikia.nocookie.net/logosrupaulsdragrace/images/0/0a/SugarS15CastMug.jpg,F0115
F0103C01,Alexis Mateo,https://static.wikia.nocookie.net/logosrupaulsdragrace/images/9/97/AlexisMateoAS1CastMug.png,F0103
F0104C02,Chad Michaels,https://static.wikia.nocookie.net/logosrupaulsdragrace/images/a/ad/ChadMichaelsAS1CastMug.png,F0104
F0102C02,Jujubee,https://static.wikia.nocookie.net/logosrupaulsdragrace/images/a/a7/JujubeeAS1CastMug.png,F0102
F0104C07,Latrice Royale,https://static.wikia.nocookie.net/logosrupaulsdragrace/images/a/a4/LatriceRoyaleAS1CastMug.png,F0104
F0103C05,Manila Luzon,https://static.wikia.nocookie.net/logosrupaulsdragrace/images/2/2d/ManilaLuzonAS1CastMug.png,F0103
F0103C07,Mimi Imfurst,https://static.wikia.nocookie.net/logosrupaulsdragrace/images/f/f5/MimiImfurstAS1CastMug.png,F0103
F0101C04,Nina Flowers,https://static.wikia.nocookie.net/logosrupaulsdragrace/images/2/27/NinaFlowersAS1CastMug.png,F0101
F0102C06,Pandora Boxx,https://static.wikia.nocookie.net/logosrupaulsdragrace/images/3/37/PandoraBoxxAS1CastMug.png,F0102
F0102C07,Raven,https://static.wikia.nocookie.net/logosrupaulsdragrace/images/4/48/RavenAS1CastMug.png,F0102
F0101C07,Shannel,https://static.wikia.nocookie.net/logosrupaulsdragrace/images/a/af/ShannelAS1CastMug.png,F0101
F0101C08,Tammie Brown,https://static.wikia.nocookie.net/logosrupaulsdragrace/images/b/bf/TammieBrownAS1CastMug.png,F0101
F0103C13,Yara Sofia,https://static.wikia.nocookie.net/logosrupaulsdragrace/images/b/b6/YaraSofiaAS1CastMug.png,F0103
F0106C01,Adore Delano,https://static.wikia.nocookie.net/logosrupaulsdragrace/images/f/fc/AdoreDelanoAS2CastMug.jpg,F0106
F0105C01,Alaska,https://static.wikia.nocookie.net/logosrupaulsdragrace/images/2/2e/AlaskaAS2CastMug.jpg,F0105
F0105C02,Alyssa Edwards,https://static.wikia.nocookie.net/logosrupaulsdragrace/images/1/15/AlyssaEdwardsAS2CastMug.jpg,F0105
F0105C03,Coco Montrese,https://static.wikia.nocookie.net/logosrupaulsdragrace/images/f/f8/CocoMontreseAS2CastMug.jpg,F0105
F0105C04,Detox,https://static.wikia.nocookie.net/logosrupaulsdragrace/images/d/d8/DetoxAS2CastMug.jpg,F0105
F0107C02,Ginger Minj,https://static.wikia.nocookie.net/logosrupaulsdragrace/images/8/89/GingerMinjAS2CastMug.jpg,F0107
F0107C06,Katya,https://static.wikia.nocookie.net/logosrupaulsdragrace/images/d/d0/KatyaAS2CastMug.jpg,F0107
F0104C10,Phi Phi O'Hara,https://static.wikia.nocookie.net/logosrupaulsdragrace/images/6/69/PhiPhiO%27HaraAS2CastMug.jpg,F0104
F0105C12,Roxxxy Andrews,https://static.wikia.nocookie.net/logosrupaulsdragrace/images/5/5b/RoxxxyAndrewsAS2CastMug.jpg,F0105
F0102C11,Tatianna,https://static.wikia.nocookie.net/logosrupaulsdragrace/images/9/96/TatiannaAS2CastMug.jpg,F0102
F0109C01,Aja,https://static.wikia.nocookie.net/logosrupaulsdragrace/images/4/4e/AjaAS3CastMug.png,F0109
F0101C02,BeBe Zahara Benet,https://static.wikia.nocookie.net/logosrupaulsdragrace/images/9/93/BeBeZaharaBenetAS3CastMug.png,F0101
F0106C03,BenDeLaCreme,https://static.wikia.nocookie.net/logosrupaulsdragrace/images/f/f5/BenDeLaCremeAS3CastMug.png,F0106
F0108C03,Chi Chi DeVayne,https://static.wikia.nocookie.net/logosrupaulsdragrace/images/3/3b/ChiChiDeVayneAS3CastMug.png,F0108
F0107C07,Kennedy Davenport,https://static.wikia.nocookie.net/logosrupaulsdragrace/images/3/33/KennedyDavenportAS3CastMug.png,F0107
F0106C12,Milk,https://static.wikia.nocookie.net/logosrupaulsdragrace/images/d/d0/MilkAS3CastMug.png,F0106
F0102C03,Morgan McMichaels,https://static.wikia.nocookie.net/logosrupaulsdragrace/images/4/47/MorganMcMichaelsAS3CastMug.png,F0102
F0102C09,Shangela Laquifa Wadley,https://static.wikia.nocookie.net/logosrupaulsdragrace/images/8/8c/ShangelaAS3CastMug.png,F0102
F0108C12,Thorgy Thor,https://static.wikia.nocookie.net/logosrupaulsdragrace/images/c/ce/ThorgyThorAS3CastMug.png,F0108
F0107C13,Trixie Mattel,https://static.wikia.nocookie.net/logosrupaulsdragrace/images/4/40/TrixieMattelAS3CastMug.png,F0107
F0109C06,Farrah Moan,https://static.wikia.nocookie.net/logosrupaulsdragrace/images/f/f8/FarrahMoanAS4CastMug.jpg,F0109
F0106C07,Gia Gunn,https://static.wikia.nocookie.net/logosrupaulsdragrace/images/e/e3/GiaGunnAS4CastMug.jpg,F0106
F0107C04,Jasmine Masters,https://static.wikia.nocookie.net/logosrupaulsdragrace/images/1/10/JasmineMastersAS4CastMug.jpg,F0107
F0104C07,Latrice Royale,https://static.wikia.nocookie.net/logosrupaulsdragrace/images/e/e3/LatriceRoyaleAS4CastMug.jpg,F0104
F0103C05,Manila Luzon,https://static.wikia.nocookie.net/logosrupaulsdragrace/images/c/c3/ManilaLuzonAS4CastMug.jpg,F0103
F0110C10,Monique Heart,https://static.wikia.nocookie.net/logosrupaulsdragrace/images/e/ea/MoniqueHeartAS4CastMug.jpg,F0110
F0110C11,Monét X Change,https://static.wikia.nocookie.net/logosrupaulsdragrace/images/5/51/Mon%C3%A9tXChangeAS4CastMug.jpg,F0110
F0108C09,Naomi Smalls,https://static.wikia.nocookie.net/logosrupaulsdragrace/images/2/28/NaomiSmallsAS4CastMug.jpg,F0108
F0109C13,Trinity Taylor,https://static.wikia.nocookie.net/logosrupaulsdragrace/images/a/a5/TrinityTheTuckAS4CastMug.jpg,F0109
F0109C14,Valentina,https://static.wikia.nocookie.net/logosrupaulsdragrace/images/4/43/ValentinaAS4CastMug.jpg,F0109
F0103C01,Alexis Mateo,https://static.wikia.nocookie.net/logosrupaulsdragrace/images/1/1d/AlexisMateoAS5CastMug.png,F0103
F0110C03,Blair St. Clair,https://static.wikia.nocookie.net/logosrupaulsdragrace/images/4/4c/BlairStClairAS5CastMug.png,F0110
F0108C06,Derrick Barry,https://static.wikia.nocookie.net/logosrupaulsdragrace/images/2/29/DerrickBarryAS5CastMug.png,F0108
F0103C04,India Ferrah,https://static.wikia.nocookie.net/logosrupaulsdragrace/images/a/a9/IndiaFerrahAS5CastMug.png,F0103
F0102C02,Jujubee,https://static.wikia.nocookie.net/logosrupaulsdragrace/images/2/25/JujubeeAS5CastMug.png,F0102
F0103C06,Mariah,https://static.wikia.nocookie.net/logosrupaulsdragrace/images/d/df/MariahParisBalenciagaAS5CastMug.png,F0103
F0110C08,Mayhem Miller,https://static.wikia.nocookie.net/logosrupaulsdragrace/images/3/34/MayhemMillerAS5CastMug.png,F0110
F0110C09,Miz Cracker,https://static.wikia.nocookie.net/logosrupaulsdragrace/images/d/da/MizCrackerAS5CastMug.png,F0110
F0101C05,Ongina,https://static.wikia.nocookie.net/logosrupaulsdragrace/images/c/c9/OnginaAS5CastMug.png,F0101
F0109C12,Shea Couleé,https://static.wikia.nocookie.net/logosrupaulsdragrace/images/2/29/SheaCoule%C3%A9AS5CastMug.png,F0109
F0111C01,A'keria Chanel Davenport,https://static.wikia.nocookie.net/logosrupaulsdragrace/images/c/c7/A%27keriaCDavenportAS6CastMug.png,F0111
F0109C05,Eureka!,https://static.wikia.nocookie.net/logosrupaulsdragrace/images/7/76/EurekaAS6CastMug.png,F0109
F0107C02,Ginger Minj,https://static.wikia.nocookie.net/logosrupaulsdragrace/images/a/a2/GingerMinjAS6CastMug.png,F0107
F0112C09,Jan,https://static.wikia.nocookie.net/logosrupaulsdragrace/images/d/dc/JanAS6CastMug.png,F0112
F0104C04,Jiggly Caliente,https://static.wikia.nocookie.net/logosrupaulsdragrace/images/2/2b/JigglyCalienteAS6CastMug.png,F0104
F0102C10,Sonique,https://static.wikia.nocookie.net/logosrupaulsdragrace/images/f/fe/KylieSoniqueLoveAS6CastMug.png,F0102
F0102C06,Pandora Boxx,https://static.wikia.nocookie.net/logosrupaulsdragrace/images/e/e4/PandoraBoxxAS6CastMug.png,F0102
F0111C09,Ra'Jah O'Hara,https://static.wikia.nocookie.net/logosrupaulsdragrace/images/c/c7/Ra%27JahO%27HaraAS6CastMug.png,F0111
F0111C10,Scarlet Envy,https://static.wikia.nocookie.net/logosrupaulsdragrace/images/4/43/ScarletEnvyAS6CastMug.png,F0111
F0105C13,Serena ChaCha,https://static.wikia.nocookie.net/logosrupaulsdragrace/images/a/a0/SerenaChaChaAS6CastMug.png,F0105
F0111C12,Silky Nutmeg Ganache,https://static.wikia.nocookie.net/logosrupaulsdragrace/images/1/1d/SilkyNutmegGanacheAS6CastMug.png,F0111
F0106C13,Trinity K. Bonet,https://static.wikia.nocookie.net/logosrupaulsdragrace/images/c/cd/TrinityKBonetAS6CastMug.png,F0106
F0103C13,Yara Sofia,https://static.wikia.nocookie.net/logosrupaulsdragrace/images/8/8b/YaraSofiaAS6CastMug.png,F0103
F0112C08,Jaida Essence Hall,https://static.wikia.nocookie.net/logosrupaulsdragrace/images/4/48/JaidaEssenceHallAS7CastMug.jpeg,F0112
F0105C08,Jinkx Monsoon,https://static.wikia.nocookie.net/logosrupaulsdragrace/images/3/3c/JinkxMonsoonAS7CastMug.jpeg,F0105
F0110C11,Monét X Change,https://static.wikia.nocookie.net/logosrupaulsdragrace/images/2/20/Mon%C3%A9tXChangeAS7CastMug.jpeg,F0110
F0103C09,Raja,https://static.wikia.nocookie.net/logosrupaulsdragrace/images/b/bb/RajaAS7CastMug.jpeg,F0103
F0109C12,Shea Couleé,https://static.wikia.nocookie.net/logosrupaulsdragrace/images/6/63/SheaCoule%C3%A9AS7CastMug.jpeg,F0109
F0207C06,The Vivienne,https://static.wikia.nocookie.net/logosrupaulsdragrace/images/3/3d/TheVivienneAS7CastMug.jpeg,F0207
F0109C13,Trinity Taylor,https://static.wikia.nocookie.net/logosrupaulsdragrace/images/b/bf/TrinityTheTuckAS7CastMug.jpeg,F0109
F0111C15,Yvie Oddly,https://static.wikia.nocookie.net/logosrupaulsdragrace/images/1/1e/YvieOddlyAS7CastMug.jpeg,F0111
F0109C02,Alexis Michelle,NA,F0109
F0106C06,Darienne Lake,https://static.wikia.nocookie.net/logosrupaulsdragrace/images/d/d7/DarienneLakeAS8CastMug.jpeg,F0106
F0112C06,Heidi N Closet,https://static.wikia.nocookie.net/logosrupaulsdragrace/images/b/bf/HeidiNClosetAS8CastMug.jpeg,F0112
F0109C07,Jaymes Mansfield,https://static.wikia.nocookie.net/logosrupaulsdragrace/images/c/c9/JaymesMansfieldAS8CastMug.jpeg,F0109
F0102C01,Jessica Wild,https://static.wikia.nocookie.net/logosrupaulsdragrace/images/9/9d/JessicaWildAS8CastMug.jpeg,F0102
F0208C06,Jimbo,https://static.wikia.nocookie.net/logosrupaulsdragrace/images/e/e5/JimboAS8CastMug.jpeg,F0208
F0111C05,Kahanna Montrese,https://static.wikia.nocookie.net/logosrupaulsdragrace/images/2/2e/KahannaMontreseAS8CastMug.jpeg,F0111
F0113C06,Kandy Muse,https://static.wikia.nocookie.net/logosrupaulsdragrace/images/6/67/KandyMuseAS8CastMug.jpeg,F0113
F0113C07,LaLa Ri,https://static.wikia.nocookie.net/logosrupaulsdragrace/images/6/65/LaLaRiAS8CastMug.jpeg,F0113
F0105C10,Monica Beverly Hillz,https://static.wikia.nocookie.net/logosrupaulsdragrace/images/d/d3/MonicaBeverlyHillzAS8CastMug.jpeg,F0105
F0107C10,Mrs. Kasha Davis,https://static.wikia.nocookie.net/logosrupaulsdragrace/images/e/ec/MrsKashaDavisAS8CastMug.jpeg,F0107
F0108C10,Naysha Lopez,https://static.wikia.nocookie.net/logosrupaulsdragrace/images/2/25/NayshaLopezAS8CastMug.jpeg,F0108
F0301C01,Arianda Sodi,https://static.wikia.nocookie.net/logosrupaulsdragrace/images/8/81/AriandaSodiTSDR1CastMug.png,F0301
F0301C02,Botota Fox,https://static.wikia.nocookie.net/logosrupaulsdragrace/images/d/d4/BototaFoxTSDR1CastMug.png,F0301
F0301C03,Elizabeth San Martín,https://static.wikia.nocookie.net/logosrupaulsdragrace/images/1/1b/ElizabethSanMart%C3%ADnTSDR1CastMug.png,F0301
F0301C04,Fernanda Brown,https://static.wikia.nocookie.net/logosrupaulsdragrace/images/6/67/FernandaBrownTSDR1CastMug.png,F0301
F0301C05,Francisca Thompson,https://static.wikia.nocookie.net/logosrupaulsdragrace/images/c/c9/FranciscaThompsonTSDR1CastMug.png,F0301
F0301C06,Jessica Parker,https://static.wikia.nocookie.net/logosrupaulsdragrace/images/2/2a/JessicaParkerTSDR1CastMug.png,F0301
F0301C07,Laura Bell,https://static.wikia.nocookie.net/logosrupaulsdragrace/images/7/78/LauraBellTSDR1CastMug.jpg,F0301
F0301C08,Luna di Mauri,https://static.wikia.nocookie.net/logosrupaulsdragrace/images/b/b0/LunadiMauriTSDR1CastMug.png,F0301
F0301C09,Luz Violeta,https://static.wikia.nocookie.net/logosrupaulsdragrace/images/8/8c/LuzVioletaTSDR1CastMug.jpg,F0301
F0301C10,Nery Lefferti,https://static.wikia.nocookie.net/logosrupaulsdragrace/images/a/a5/NeryLeffertiTSDR1CastMug.jpg,F0301
F0301C11,Paulette Palmery,https://static.wikia.nocookie.net/logosrupaulsdragrace/images/b/bc/PaulettePalmeryTSDR1CastMug.png,F0301
F0301C12,Rubí,https://static.wikia.nocookie.net/logosrupaulsdragrace/images/c/c5/Rub%C3%ADTSDR1CastMug.png,F0301
F0301C13,Sofía Camará,https://static.wikia.nocookie.net/logosrupaulsdragrace/images/0/07/Sof%C3%ADaCamar%C3%A1TSDR1CastMug.png,F0301
F0301C14,Veneno,https://static.wikia.nocookie.net/logosrupaulsdragrace/images/7/7b/VenenoTSDR1CastMug.png,F0301
F0301C15,Yoyi,https://static.wikia.nocookie.net/logosrupaulsdragrace/images/0/0e/YoyiTSDR1CastMug.png,F0301
F0301C16,Yume Hime,https://static.wikia.nocookie.net/logosrupaulsdragrace/images/5/53/YumeHimeTSDR1CastMug.png,F0301
F0301C17,Álvaro Lynch,https://static.wikia.nocookie.net/logosrupaulsdragrace/images/5/55/%C3%81lvaroLynchTSDR1CastMug.png,F0301
F0301C01,Arianda Sodi,https://static.wikia.nocookie.net/logosrupaulsdragrace/images/9/94/AriandaSodiTSDR2CastMug.png,F0301
F0302C02,Diva Houston,https://static.wikia.nocookie.net/logosrupaulsdragrace/images/4/4b/DivaHoustonTSDR2CastMug.png,F0302
F0301C04,Fernanda Brown,https://static.wikia.nocookie.net/logosrupaulsdragrace/images/0/01/FernandaBrownTSDR2CastMug.png,F0301
F0302C04,Francisca Del Solar,https://static.wikia.nocookie.net/logosrupaulsdragrace/images/0/0d/FranciscaSolarTSDR2CastMug.png,F0302
F0106C07,Gia Gunn,https://static.wikia.nocookie.net/logosrupaulsdragrace/images/3/34/GiaGunnTSDR2CastMug.png,F0106
F0107C05,Kandy Ho,https://static.wikia.nocookie.net/logosrupaulsdragrace/images/e/e0/KandyHoTSDR2CastMug.png,F0107
F0301C07,Laura Bell,https://static.wikia.nocookie.net/logosrupaulsdragrace/images/c/c5/LauraBellTSDR2CastMug.png,F0301
F0302C08,Leona Winter,https://static.wikia.nocookie.net/logosrupaulsdragrace/images/6/6f/MissLeonaTSDR2CastMug.png,F0302
F0301C08,Luna di Mauri,https://static.wikia.nocookie.net/logosrupaulsdragrace/images/d/d1/LunadiMauriTSDR2CastMug.png,F0301
F0301C09,Luz Violeta,https://static.wikia.nocookie.net/logosrupaulsdragrace/images/4/47/LuzVioletaTSDR2CastMug.png,F0301
F0302C11,Marie Laveau,https://static.wikia.nocookie.net/logosrupaulsdragrace/images/5/50/MarieLaveauTSDR2CastMug.png,F0302
F0302C12,Pakita,https://static.wikia.nocookie.net/logosrupaulsdragrace/images/a/a7/PakitaTSDR2CastMug.png,F0302
F0302C13,Pavel Arámbula,https://static.wikia.nocookie.net/logosrupaulsdragrace/images/3/3f/PavelAr%C3%A1mbulaTSDR2CastMug.png,F0302
F0302C14,Rochelle Mon Chéri,https://static.wikia.nocookie.net/logosrupaulsdragrace/images/2/2d/RochelleMonCh%C3%A9riTSDR2CastMug.png,F0302
F0301C13,Sofía Camará,https://static.wikia.nocookie.net/logosrupaulsdragrace/images/7/75/Sof%C3%ADaCamar%C3%A1TSDR2CastMug.png,F0301
F0401C01,Amadiva,https://static.wikia.nocookie.net/logosrupaulsdragrace/images/4/47/AmadivaDRTH1CastMug.png,F0401
F0401C02,Année Maywong,https://static.wikia.nocookie.net/logosrupaulsdragrace/images/9/97/Ann%C3%A9eMaywongDRTH1CastMug.png,F0401
F0401C03,B Ella,https://static.wikia.nocookie.net/logosrupaulsdragrace/images/e/ea/BEllaDRTH1CastMug.png,F0401
F0401C04,Bunny Be Fly,https://static.wikia.nocookie.net/logosrupaulsdragrace/images/b/bb/BunnyBeFlyDRTH1CastMug.png,F0401
F0401C05,Dearis Doll,https://static.wikia.nocookie.net/logosrupaulsdragrace/images/d/d4/DearisDollDRTH1CastMug.png,F0401
F0401C06,JAJA,https://static.wikia.nocookie.net/logosrupaulsdragrace/images/c/c3/JAJADRTH1CastMug.png,F0401
F0401C07,Meannie Minaj,https://static.wikia.nocookie.net/logosrupaulsdragrace/images/8/8d/MeannieMinajDRTH1CastMug.png,F0401
F0401C08,Morrigan,https://static.wikia.nocookie.net/logosrupaulsdragrace/images/d/d5/MorriganDRTH1CastMug.png,F0401
F0401C09,Natalia Pliacam,https://static.wikia.nocookie.net/logosrupaulsdragrace/images/2/21/NataliaPliacamDRTH1CastMug.png,F0401
F0401C10,Petchra,https://static.wikia.nocookie.net/logosrupaulsdragrace/images/f/f8/PetchraDRTH1CastMug.png,F0401
F0402C01,Angele Anang,https://static.wikia.nocookie.net/logosrupaulsdragrace/images/5/5b/AngeleAnangDRTH2CastMug.png,F0402
F0402C02,Bandit,https://static.wikia.nocookie.net/logosrupaulsdragrace/images/c/c5/BanditDRTH2CastMug.png,F0402
F0402C03,Genie,https://static.wikia.nocookie.net/logosrupaulsdragrace/images/0/0a/GenieDRTH2CastMug.png,F0402
F0402C04,Kana Warrior,https://static.wikia.nocookie.net/logosrupaulsdragrace/images/d/d2/KanaWarriorDRTH2CastMug.png,F0402
F0402C05,Kandy Zyanide,https://static.wikia.nocookie.net/logosrupaulsdragrace/images/d/d6/KandyZyanideDRTH2CastMug.png,F0402
F0402C06,Katy Killer,https://static.wikia.nocookie.net/logosrupaulsdragrace/images/a/a4/KatyKillerDRTH2CastMug.png,F0402
F0402C07,M Stranger Fox,https://static.wikia.nocookie.net/logosrupaulsdragrace/images/a/ac/MStrangerFoxDRTH2CastMug.png,F0402
F0402C08,Maya B'Haro,https://static.wikia.nocookie.net/logosrupaulsdragrace/images/a/a3/MayaB%27HaroDRTH2CastMug.png,F0402
F0402C09,Miss Gimhuay,https://static.wikia.nocookie.net/logosrupaulsdragrace/images/d/d3/MissGimhuayDRTH2CastMug.png,F0402
F0402C10,Mocha Diva,https://static.wikia.nocookie.net/logosrupaulsdragrace/images/9/98/MochaDivaDRTH2CastMug.png,F0402
F0402C11,Silver Sonic,https://static.wikia.nocookie.net/logosrupaulsdragrace/images/5/5d/SilverSonicDRTH2CastMug.png,F0402
F0402C12,Srimala,https://static.wikia.nocookie.net/logosrupaulsdragrace/images/e/e1/SrimalaDRTH2CastMug.png,F0402
F0402C13,Tormai,https://static.wikia.nocookie.net/logosrupaulsdragrace/images/6/65/TormaiDRTH2CastMug.png,F0402
F0402C14,Vanda Miss Joaquim,https://static.wikia.nocookie.net/logosrupaulsdragrace/images/f/f3/VandaMissJoaquimDRTH2CastMug.png,F0402
F0501C01,Baga Chipz,https://static.wikia.nocookie.net/logosrupaulsdragrace/images/a/a4/BagaChipzDRUK1CastMug.jpg,F0501
F0501C02,Blu Hydrangea,https://static.wikia.nocookie.net/logosrupaulsdragrace/images/8/81/BluHydrangeaDRUK1CastMug.jpg,F0501
F0501C03,Cheryl Hole,https://static.wikia.nocookie.net/logosrupaulsdragrace/images/6/64/CherylHoleDRUK1CastMug.jpg,F0501
F0501C04,Crystal,https://static.wikia.nocookie.net/logosrupaulsdragrace/images/1/1d/CrystalDRUK1CastMug.jpg,F0501
F0501C05,Divina De Campo,https://static.wikia.nocookie.net/logosrupaulsdragrace/images/e/e8/DivinaDeCampoDRUK1CastMug.jpg,F0501
F0501C06,Gothy Kendoll,https://static.wikia.nocookie.net/logosrupaulsdragrace/images/b/b3/GothyKendollDRUK1CastMug.jpg,F0501
F0501C07,Scaredy Kat,https://static.wikia.nocookie.net/logosrupaulsdragrace/images/2/26/ScaredyKatDRUK1CastMug.jpg,F0501
F0501C08,Sum Ting Wong,https://static.wikia.nocookie.net/logosrupaulsdragrace/images/f/f1/SumTingWongDRUK1CastMug.jpg,F0501
F0207C06,The Vivienne,https://static.wikia.nocookie.net/logosrupaulsdragrace/images/9/92/TheVivienneDRUK1CastMug.jpg,F0207
F0501C10,Vinegar Strokes⁠,https://static.wikia.nocookie.net/logosrupaulsdragrace/images/5/56/VinegarStrokesDRUK1CastMug.jpg,F0501
F0502C01,A'Whora,https://static.wikia.nocookie.net/logosrupaulsdragrace/images/2/21/A%27WhoraDRUK2CastMug.jpg,F0502
F0502C02,Asttina Mandella,https://static.wikia.nocookie.net/logosrupaulsdragrace/images/e/e1/AsttinaMandellaDRUK2CastMug.jpg,F0502
F0502C03,Bimini Bon-Boulash,https://static.wikia.nocookie.net/logosrupaulsdragrace/images/3/3c/BiminiBonBoulashDRUK2CastMug.jpg,F0502
F0502C04,Cherry Valentine,https://static.wikia.nocookie.net/logosrupaulsdragrace/images/8/8e/CherryValentineDRUK2CastMug.jpg,F0502
F0502C05,Ellie Diamond,https://static.wikia.nocookie.net/logosrupaulsdragrace/images/3/33/EllieDiamondDRUK2CastMug.jpg,F0502
F0502C06,Ginny Lemon,https://static.wikia.nocookie.net/logosrupaulsdragrace/images/7/7e/GinnyLemonDRUK2CastMug.jpg,F0502
F0502C07,Joe Black,https://static.wikia.nocookie.net/logosrupaulsdragrace/images/6/6b/JoeBlackDRUK2CastMug.jpg,F0502
F0502C08,Lawrence Chaney,https://static.wikia.nocookie.net/logosrupaulsdragrace/images/1/15/LawrenceChaneyDRUK2CastMug.jpg,F0502
F0502C09,Sister Sister,https://static.wikia.nocookie.net/logosrupaulsdragrace/images/6/63/SisterSisterDRUK2CastMug.jpg,F0502
F0502C10,Tayce,https://static.wikia.nocookie.net/logosrupaulsdragrace/images/a/ab/TayceDRUK2CastMug.jpg,F0502
F0502C11,Tia Kofi,https://static.wikia.nocookie.net/logosrupaulsdragrace/images/6/6e/TiaKofiDRUK2CastMug.jpg,F0502
F0502C12,Veronica Green,https://static.wikia.nocookie.net/logosrupaulsdragrace/images/5/59/VeronicaGreenDRUK2CastMug.jpg,F0502
F0503C01,Anubis,https://static.wikia.nocookie.net/logosrupaulsdragrace/images/6/61/AnubisDRUK3CastMug.jpg,F0503
F0503C02,Charity Kase,https://static.wikia.nocookie.net/logosrupaulsdragrace/images/4/4a/CharityKaseDRUK3CastMug.jpg,F0503
F0503C03,Choriza May,https://static.wikia.nocookie.net/logosrupaulsdragrace/images/e/e8/ChorizaMayDRUK3CastMug.jpg,F0503
F0503C04,Elektra Fence,https://static.wikia.nocookie.net/logosrupaulsdragrace/images/4/41/ElektraFenceDRUK3CastMug.jpg,F0503
F0503C05,Ella Vaday,https://static.wikia.nocookie.net/logosrupaulsdragrace/images/b/b2/EllaVadayDRUK3CastMug.jpg,F0503
F0503C06,Kitty Scott-Claus,https://static.wikia.nocookie.net/logosrupaulsdragrace/images/c/c0/KittyScottClausDRUK3CastMug.jpg,F0503
F0503C07,Krystal Versace,https://static.wikia.nocookie.net/logosrupaulsdragrace/images/a/aa/KrystalVersaceDRUK3CastMug.jpg,F0503
F0503C08,River Medway,https://static.wikia.nocookie.net/logosrupaulsdragrace/images/1/1d/RiverMedwayDRUK3CastMug.jpg,F0503
F0503C09,Scarlett Harlett,https://static.wikia.nocookie.net/logosrupaulsdragrace/images/6/64/ScarlettHarlettDRUK3CastMug.jpg,F0503
F0503C10,Vanity Milan,https://static.wikia.nocookie.net/logosrupaulsdragrace/images/2/22/VanityMilanDRUK3CastMug.jpg,F0503
F0502C12,Veronica Green,https://static.wikia.nocookie.net/logosrupaulsdragrace/images/a/ab/VeronicaGreenDRUK3CastMug.jpg,F0502
F0503C12,Victoria Scone,https://static.wikia.nocookie.net/logosrupaulsdragrace/images/3/3d/VictoriaSconeDRUK3CastMug.jpg,F0503
F0504C01,Baby,NA,F0504
F0504C02,Black Peppa,https://static.wikia.nocookie.net/logosrupaulsdragrace/images/2/27/BlackPeppaDRUK4CastMug.jpg,F0504
F0504C03,Cheddar Gorgeous,https://static.wikia.nocookie.net/logosrupaulsdragrace/images/3/3a/CheddarGorgeousDRUK4CastMug.jpg,F0504
F0504C04,Copper Topp,https://static.wikia.nocookie.net/logosrupaulsdragrace/images/6/60/CopperToppDRUK4CastMug.jpg,F0504
F0504C05,Dakota Schiffer,https://static.wikia.nocookie.net/logosrupaulsdragrace/images/a/aa/DakotaSchifferDRUK4CastMug.jpg,F0504
F0504C06,Danny Beard,https://static.wikia.nocookie.net/logosrupaulsdragrace/images/4/41/DannyBeardDRUK4CastMug.jpg,F0504
F0504C07,Jonbers Blonde,https://static.wikia.nocookie.net/logosrupaulsdragrace/images/7/7f/JonbersBlondeDRUK4CastMug.jpg,F0504
F0504C08,Just May,https://static.wikia.nocookie.net/logosrupaulsdragrace/images/c/c6/JustMayDRUK4CastMug.jpg,F0504
F0504C09,Le Fil,https://static.wikia.nocookie.net/logosrupaulsdragrace/images/f/ff/LeFilDRUK4CastMug.jpg,F0504
F0504C10,Pixie Polite,https://static.wikia.nocookie.net/logosrupaulsdragrace/images/0/0c/PixiePoliteDRUK4CastMug.jpg,F0504
F0504C11,Sminty Drop,https://static.wikia.nocookie.net/logosrupaulsdragrace/images/3/3c/SmintyDropDRUK4CastMug.jpg,F0504
F0504C12,Starlet,https://static.wikia.nocookie.net/logosrupaulsdragrace/images/4/43/StarletDRUK4CastMug.jpg,F0504
F0601C01,Anastarzia Anaquway,https://static.wikia.nocookie.net/logosrupaulsdragrace/images/d/dc/AnastarziaAnaquwayCDR1CastMug.jpg,F0601
F0601C02,BOA,https://static.wikia.nocookie.net/logosrupaulsdragrace/images/0/06/BOACDR1CastMug.jpeg,F0601
F0601C03,Ilona Verley,https://static.wikia.nocookie.net/logosrupaulsdragrace/images/6/6b/IlonaVerleyCDR1CastMug.jpg,F0601
F0208C06,Jimbo,https://static.wikia.nocookie.net/logosrupaulsdragrace/images/a/a3/JimboCDR1CastMug.jpg,F0208
F0601C05,Juice Boxx,https://static.wikia.nocookie.net/logosrupaulsdragrace/images/a/a7/JuiceBoxxCDR1CastMug.jpg,F0601
F0601C06,Kiara,https://static.wikia.nocookie.net/logosrupaulsdragrace/images/8/87/KiaraCDR1CastMug.jpg,F0601
F0601C07,Kyne,https://static.wikia.nocookie.net/logosrupaulsdragrace/images/9/9a/KyneCDR1CastMug.jpg,F0601
F0601C08,Lemon,https://static.wikia.nocookie.net/logosrupaulsdragrace/images/a/ab/LemonCDR1CastMug.jpg,F0601
F0601C09,Priyanka,https://static.wikia.nocookie.net/logosrupaulsdragrace/images/a/a6/PriyankaCDR1CastMug.jpeg,F0601
F0601C10,Rita Baga,https://static.wikia.nocookie.net/logosrupaulsdragrace/images/f/fc/RitaBagaCDR1CastMug.jpeg,F0601
F0601C11,Scarlett BoBo,https://static.wikia.nocookie.net/logosrupaulsdragrace/images/1/1a/ScarlettBoBoCDR1CastMug.jpeg,F0601
F0601C12,Tynomi Banks,https://static.wikia.nocookie.net/logosrupaulsdragrace/images/c/c6/TynomiBanksCDR1CastMug.jpeg,F0601
F0602C01,Adriana,https://static.wikia.nocookie.net/logosrupaulsdragrace/images/4/45/AdrianaCDR2CastMug.jpg,F0602
F0602C02,Beth,https://static.wikia.nocookie.net/logosrupaulsdragrace/images/a/a7/BethCDR2CastMug.jpg,F0602
F0602C03,Eve 6000,https://static.wikia.nocookie.net/logosrupaulsdragrace/images/4/4b/Eve6000CDR2CastMug.jpg,F0602
F0602C04,Gia Metric,https://static.wikia.nocookie.net/logosrupaulsdragrace/images/7/79/GiaMetricCDR2CastMug.jpg,F0602
F0602C05,Icesis Couture,https://static.wikia.nocookie.net/logosrupaulsdragrace/images/5/55/IcesisCoutureCDR2CastMug.jpg,F0602
F0602C06,Kendall Gender,https://static.wikia.nocookie.net/logosrupaulsdragrace/images/1/1f/KendallGenderCDR2CastMug.jpg,F0602
F0602C07,Kimora Amour,https://static.wikia.nocookie.net/logosrupaulsdragrace/images/a/ad/KimoraAmourCDR2CastMug.jpg,F0602
F0602C08,Océane Aqua-Black,https://static.wikia.nocookie.net/logosrupaulsdragrace/images/e/e4/Oc%C3%A9aneAqua-BlackCDR2CastMug.jpg,F0602
F0602C09,Pythia,https://static.wikia.nocookie.net/logosrupaulsdragrace/images/1/12/PythiaCDR2CastMug.jpg,F0602
F0602C10,Stephanie Prince,https://static.wikia.nocookie.net/logosrupaulsdragrace/images/f/f5/StephaniePrinceCDR2CastMug.jpg,F0602
F0602C11,Suki Doll,https://static.wikia.nocookie.net/logosrupaulsdragrace/images/d/d6/SukiDollCDR2CastMug.jpg,F0602
F0602C12,Synthia Kiss,https://static.wikia.nocookie.net/logosrupaulsdragrace/images/0/0a/SynthiaKissCDR2CastMug.jpg,F0602
F0603C01,Bombae,https://static.wikia.nocookie.net/logosrupaulsdragrace/images/e/ec/BombaeCDR3CastMug.jpg,F0603
F0603C02,Chelazon Leroux,https://static.wikia.nocookie.net/logosrupaulsdragrace/images/a/ae/ChelazonLerouxCDR3CastMug.jpg,F0603
F0603C03,Gisèle Lullaby,https://static.wikia.nocookie.net/logosrupaulsdragrace/images/3/34/Gis%C3%A8leLullabyCDR3CastMug.jpg,F0603
F0603C04,Halal Bae,https://static.wikia.nocookie.net/logosrupaulsdragrace/images/8/80/HalalBaeCDR3CastMug.jpg,F0603
F0603C05,Irma Gerd,https://static.wikia.nocookie.net/logosrupaulsdragrace/images/a/a1/IrmaGerdCDR3CastMug.jpg,F0603
F0603C06,Jada Shada Hudson,https://static.wikia.nocookie.net/logosrupaulsdragrace/images/9/9d/JadaShadaHudsonCDR3CastMug.jpg,F0603
F0603C07,Kaos,https://static.wikia.nocookie.net/logosrupaulsdragrace/images/e/ed/KaosCDR3CastMug.jpg,F0603
F0603C08,Kimmy Couture,https://static.wikia.nocookie.net/logosrupaulsdragrace/images/4/44/KimmyCoutureCDR3CastMug.jpg,F0603
F0603C09,Lady Boom Boom,https://static.wikia.nocookie.net/logosrupaulsdragrace/images/b/be/LadyBoomBoomCDR3CastMug.jpg,F0603
F0603C10,Miss Fiercalicious,https://static.wikia.nocookie.net/logosrupaulsdragrace/images/7/72/MissFiercaliciousCDR3CastMug.jpg,F0603
F0603C11,Miss Moço,https://static.wikia.nocookie.net/logosrupaulsdragrace/images/6/6d/MissMo%C3%A7oCDR3CastMug.jpg,F0603
F0603C12,Vivian Vanderpuss,https://static.wikia.nocookie.net/logosrupaulsdragrace/images/d/d5/VivianVanderpussCDR3CastMug.jpg,F0603
F0701C01,ChelseaBoy,https://static.wikia.nocookie.net/logosrupaulsdragrace/images/5/54/ChelseaBoyDRHL1CastMug.jpg,F0701
F0701C01,ChelseaBoy,https://static.wikia.nocookie.net/logosrupaulsdragrace/images/1/13/EnvyPeruDRHL1CastMug.jpg,F0701
F0701C03,Janey Jacké,https://static.wikia.nocookie.net/logosrupaulsdragrace/images/e/ed/JaneyJack%C3%A9DRHL1CastMug.jpg,F0701
F0701C01,ChelseaBoy,https://static.wikia.nocookie.net/logosrupaulsdragrace/images/c/ce/Ma%27MaQueenDRHL1CastMug.jpg,F0701
F0701C01,ChelseaBoy,https://static.wikia.nocookie.net/logosrupaulsdragrace/images/9/99/MadameMadnessDRHL1CastMug.jpg,F0701
F0701C01,ChelseaBoy,https://static.wikia.nocookie.net/logosrupaulsdragrace/images/c/c9/MeganSchoonbroodDRHL1CastMug.jpg,F0701
F0701C01,ChelseaBoy,https://static.wikia.nocookie.net/logosrupaulsdragrace/images/d/dc/MissAbbyOMGDRHL1CastMug.jpg,F0701
F0701C01,ChelseaBoy,https://static.wikia.nocookie.net/logosrupaulsdragrace/images/d/de/PattyPam-PamDRHL1CastMug.jpg,F0701
F0701C01,ChelseaBoy,https://static.wikia.nocookie.net/logosrupaulsdragrace/images/b/b3/RoemDRHL1CastMug.jpg,F0701
F0701C01,ChelseaBoy,https://static.wikia.nocookie.net/logosrupaulsdragrace/images/7/7d/SederginneDRHL1CastMug.jpg,F0701
F0702C01,Ivy-Elyse,https://static.wikia.nocookie.net/logosrupaulsdragrace/images/0/04/Ivy-ElyseDRHL2CastMug.png,F0702
F0702C02,Juicy Kutoure,https://static.wikia.nocookie.net/logosrupaulsdragrace/images/e/e7/JuicyKutoureDRHL2CastMug.png,F0702
F0702C03,Keta Minaj,https://static.wikia.nocookie.net/logosrupaulsdragrace/images/8/84/KetaMinajDRHL2CastMug.png,F0702
F0702C04,Love Masisi,https://static.wikia.nocookie.net/logosrupaulsdragrace/images/e/e4/LoveMasisiDRHL2CastMug.png,F0702
F0702C05,My Little Puny,https://static.wikia.nocookie.net/logosrupaulsdragrace/images/1/10/MyLittlePunyDRHL2CastMug.png,F0702
F0702C06,Reggy B,https://static.wikia.nocookie.net/logosrupaulsdragrace/images/b/bc/ReggyBDRHL2CastMug.png,F0702
F0702C07,Tabitha,https://static.wikia.nocookie.net/logosrupaulsdragrace/images/6/61/TabithaDRHL2CastMug.png,F0702
F0702C08,The Countess,https://static.wikia.nocookie.net/logosrupaulsdragrace/images/7/72/TheCountessDRHL2CastMug.png,F0702
F0702C09,Vanessa van Cartier,https://static.wikia.nocookie.net/logosrupaulsdragrace/images/8/8d/VanessaVanCartierDRHL2CastMug.png,F0702
F0702C10,Vivaldi,https://static.wikia.nocookie.net/logosrupaulsdragrace/images/b/ba/VivaldiDRHL2CastMug.png,F0702
F0801C01,Anita Wigl'it,https://static.wikia.nocookie.net/logosrupaulsdragrace/images/6/6b/AnitaWigl%27itDRDU1CastMug.jpg,F0801
F0801C02,Art Simone,https://static.wikia.nocookie.net/logosrupaulsdragrace/images/1/1b/ArtSimoneDRDU1CastMug.jpg,F0801
F0801C03,Coco Jumbo,https://static.wikia.nocookie.net/logosrupaulsdragrace/images/a/a1/CocoJumboDRDU1CastMug.jpg,F0801
F0801C04,Elektra Shock,https://static.wikia.nocookie.net/logosrupaulsdragrace/images/7/7c/ElektraShockDRDU1CastMug.jpg,F0801
F0801C05,Etcetera Etcetera,https://static.wikia.nocookie.net/logosrupaulsdragrace/images/9/9e/EtceteraEtceteraDRDU1CastMug.jpg,F0801
F0801C06,Jojo Zaho,https://static.wikia.nocookie.net/logosrupaulsdragrace/images/a/a7/JojoZahoDRDU1CastMug.jpg,F0801
F0801C07,Karen From Finance,https://static.wikia.nocookie.net/logosrupaulsdragrace/images/8/86/KarenFromFinanceDRDU1CastMug.jpg,F0801
F0801C08,Kita Mean,https://static.wikia.nocookie.net/logosrupaulsdragrace/images/6/69/KitaMeanDRDU1CastMug.jpg,F0801
F0801C09,Maxi Shield,https://static.wikia.nocookie.net/logosrupaulsdragrace/images/e/e9/MaxiShieldDRDU1CastMug.jpg,F0801
F0801C10,Scarlet Adams,https://static.wikia.nocookie.net/logosrupaulsdragrace/images/e/ec/ScarletAdamsDRDU1CastMug.jpg,F0801
F0802C01,Aubrey Haive,https://static.wikia.nocookie.net/logosrupaulsdragrace/images/0/00/AubreyHaiveDRDU2CastMug.png,F0802
F0802C02,Beverly Kills,https://static.wikia.nocookie.net/logosrupaulsdragrace/images/9/93/BeverlyKillsDRDU2CastMug.png,F0802
F0802C03,Faúx Fúr,https://static.wikia.nocookie.net/logosrupaulsdragrace/images/6/6f/Fa%C3%BAxF%C3%BArDRDU2CastMug.png,F0802
F0802C04,Hannah Conda,https://static.wikia.nocookie.net/logosrupaulsdragrace/images/b/bb/HannahCondaDRDU2CastMug.png,F0802
F0802C05,Kween Kong,https://static.wikia.nocookie.net/logosrupaulsdragrace/images/0/0d/KweenKongDRDU2CastMug.png,F0802
F0802C06,Minnie Cooper,https://static.wikia.nocookie.net/logosrupaulsdragrace/images/b/ba/MinnieCooperDRDU2CastMug.png,F0802
F0802C07,Molly Poppinz,https://static.wikia.nocookie.net/logosrupaulsdragrace/images/1/19/MollyPoppinzDRDU2CastMug.png,F0802
F0802C08,Pomara Fifth,https://static.wikia.nocookie.net/logosrupaulsdragrace/images/0/0d/PomaraFifthDRDU2CastMug.png,F0802
F0802C09,Spankie Jackzon,https://static.wikia.nocookie.net/logosrupaulsdragrace/images/9/92/SpankieJackzonDRDU2CastMug.png,F0802
F0802C10,Yuri Guaii,https://static.wikia.nocookie.net/logosrupaulsdragrace/images/1/16/YuriGuaiiDRDU2CastMug.png,F0802
F0803C01,Amyl,https://static.wikia.nocookie.net/logosrupaulsdragrace/images/c/c4/AmylDRDU3CastMug.jpg,F0803
F0803C02,Ashley Madison,https://static.wikia.nocookie.net/logosrupaulsdragrace/images/6/67/AshleyMadisonDRDU3CastMug.jpg,F0803
F0803C03,Bumpa Love,https://static.wikia.nocookie.net/logosrupaulsdragrace/images/2/2d/BumpaLoveDRDU3CastMug.jpg,F0803
F0803C04,Flor,https://static.wikia.nocookie.net/logosrupaulsdragrace/images/4/47/FlorDRDU3CastMug.jpg,F0803
F0803C05,Gabriella Labucci,https://static.wikia.nocookie.net/logosrupaulsdragrace/images/1/1d/GabriellaLabucciDRDU3CastMug.jpg,F0803
F0803C06,Hollywould Star,https://static.wikia.nocookie.net/logosrupaulsdragrace/images/3/35/HollywouldStarDRDU3CastMug.jpg,F0803
F0803C07,Isis Avis Loren,https://static.wikia.nocookie.net/logosrupaulsdragrace/images/a/a4/IsisAvisLorenDRDU3CastMug.jpg,F0803
F0803C08,Ivanna Drink,https://static.wikia.nocookie.net/logosrupaulsdragrace/images/d/dc/IvannaDrinkDRDU3CastMug.jpg,F0803
F0803C09,Ivory Glaze,https://static.wikia.nocookie.net/logosrupaulsdragrace/images/1/12/IvoryGlazeDRDU3CastMug.jpg,F0803
F0803C10,Rita Menu,https://static.wikia.nocookie.net/logosrupaulsdragrace/images/1/1e/RitaMenuDRDU3CastMug.jpg,F0803
F0901C01,Arantxa Castilla La Mancha,https://static.wikia.nocookie.net/logosrupaulsdragrace/images/a/a6/ArantxaCastillaLaManchaDRE1CastMug.jpeg,F0901
F0901C02,Carmen Farala,https://static.wikia.nocookie.net/logosrupaulsdragrace/images/f/f2/CarmenFaralaDRE1CastMug.jpeg,F0901
F0901C03,Dovima Nurmi,https://static.wikia.nocookie.net/logosrupaulsdragrace/images/6/60/DovimaNurmiDRE1CastMug.jpeg,F0901
F0901C04,Drag Vulcano,https://static.wikia.nocookie.net/logosrupaulsdragrace/images/8/8a/DragVulcanoDRE1CastMug.jpeg,F0901
F0901C05,Hugáceo Crujiente,https://static.wikia.nocookie.net/logosrupaulsdragrace/images/8/88/Hug%C3%A1ceoCrujienteDRE1CastMug.jpeg,F0901
F0901C06,Inti,https://static.wikia.nocookie.net/logosrupaulsdragrace/images/3/33/IntiDRE1CastMug.jpeg,F0901
F0901C07,Killer Queen,https://static.wikia.nocookie.net/logosrupaulsdragrace/images/8/86/KillerQueenDRE1CastMug.jpeg,F0901
F0901C08,Pupi Poisson,https://static.wikia.nocookie.net/logosrupaulsdragrace/images/3/33/PupiPoissonDRE1CastMug.jpeg,F0901
F0901C09,Sagittaria,https://static.wikia.nocookie.net/logosrupaulsdragrace/images/6/60/SagittariaDRE1CastMug.jpeg,F0901
F0901C10,The Macarena,https://static.wikia.nocookie.net/logosrupaulsdragrace/images/7/7b/TheMacarenaDRE1CastMug.jpeg,F0901
F0902C01,Ariel Rec,https://static.wikia.nocookie.net/logosrupaulsdragrace/images/d/d5/ArielRecDRE2CastMug.jpg,F0902
F0902C02,Diamante Merybrown,https://static.wikia.nocookie.net/logosrupaulsdragrace/images/0/01/DiamanteMerybrownDRE2CastMug.jpg,F0902
F0902C03,Drag Sethlas,https://static.wikia.nocookie.net/logosrupaulsdragrace/images/9/94/DragSethlasDRE2CastMug.jpg,F0902
F0902C04,Estrella Xtravaganza,https://static.wikia.nocookie.net/logosrupaulsdragrace/images/9/90/EstrellaXtravaganzaDRE2CastMug.jpg,F0902
F0902C05,Jota Carajota,https://static.wikia.nocookie.net/logosrupaulsdragrace/images/c/cb/JotaCarajotaDRE2CastMug.jpg,F0902
F0902C06,Juriji Der Klee,https://static.wikia.nocookie.net/logosrupaulsdragrace/images/3/38/JurijiDerKleeDRE2CastMug.jpg,F0902
F0902C07,Marina,https://static.wikia.nocookie.net/logosrupaulsdragrace/images/e/ee/MarinaDRE2CastMug.jpg,F0902
F0902C08,Marisa Prisa,https://static.wikia.nocookie.net/logosrupaulsdragrace/images/3/3c/MarisaPrisaDRE2CastMug.jpg,F0902
F0902C09,Onyx,https://static.wikia.nocookie.net/logosrupaulsdragrace/images/5/55/OnyxDRE2CastMug.jpg,F0902
F0902C10,Samantha Ballentines,https://static.wikia.nocookie.net/logosrupaulsdragrace/images/4/44/SamanthaBallentinesDRE2CastMug.jpg,F0902
F0902C11,Sharonne,https://static.wikia.nocookie.net/logosrupaulsdragrace/images/c/ca/SharonneDRE2CastMug.jpg,F0902
F0902C12,Venedita Von Däsh,https://static.wikia.nocookie.net/logosrupaulsdragrace/images/8/83/VeneditaVonD%C3%A4shDRE2CastMug.jpg,F0902
F0903C01,Bestiah,https://static.wikia.nocookie.net/logosrupaulsdragrace/images/1/19/BestiahDRES3CastMug.jpg,F0903
F0903C02,Chanel Anorex,https://static.wikia.nocookie.net/logosrupaulsdragrace/images/1/18/ChanelAnorexDRES3CastMug.jpg,F0903
F0903C03,Clover Bish,https://static.wikia.nocookie.net/logosrupaulsdragrace/images/8/87/CloverBishDRES3CastMug.jpg,F0903
F0903C04,Drag Chuchi,https://static.wikia.nocookie.net/logosrupaulsdragrace/images/e/e9/DragChuchiDRES3CastMug.jpg,F0903
F0903C05,Hornella Góngora,https://static.wikia.nocookie.net/logosrupaulsdragrace/images/6/60/HornellaG%C3%B3ngoraDRES3CastMug.jpg,F0903
F0903C06,Kelly Roller,https://static.wikia.nocookie.net/logosrupaulsdragrace/images/6/61/KellyRollerDRES3CastMug.jpg,F0903
F0903C07,Maria Edilia,https://static.wikia.nocookie.net/logosrupaulsdragrace/images/7/74/MariaEdiliaDRES3CastMug.jpg,F0903
F0302C12,Pakita,https://static.wikia.nocookie.net/logosrupaulsdragrace/images/7/74/PakitaDRES3CastMug.jpg,F0302
F0903C09,Pink Chadora,https://static.wikia.nocookie.net/logosrupaulsdragrace/images/f/fb/PinkChadoraDRES3CastMug.jpg,F0903
F0903C10,Pitita,https://static.wikia.nocookie.net/logosrupaulsdragrace/images/5/5b/PititaDRES3CastMug.jpg,F0903
F0901C10,The Macarena,https://static.wikia.nocookie.net/logosrupaulsdragrace/images/2/2a/TheMacarenaDRES3CastMug.jpg,F0901
F0903C12,Vania Vainilla,https://static.wikia.nocookie.net/logosrupaulsdragrace/images/c/c2/VaniaVainillaDRES3CastMug.jpg,F0903
F0903C13,Visa,https://static.wikia.nocookie.net/logosrupaulsdragrace/images/1/1d/VisaDRES3CastMug.jpg,F0903
F1001C01,Ava Hangar,https://static.wikia.nocookie.net/logosrupaulsdragrace/images/0/0a/AvaHangarDRI1CastMug.jpg,F1001
F1001C02,Divinity,https://static.wikia.nocookie.net/logosrupaulsdragrace/images/7/78/DivinityDRI1CastMug.jpg,F1001
F1001C03,Elecktra Bionic,https://static.wikia.nocookie.net/logosrupaulsdragrace/images/5/5a/ElecktraBionicDRI1CastMug.jpg,F1001
F1001C04,Enorma Jean,https://static.wikia.nocookie.net/logosrupaulsdragrace/images/8/86/EnormaJeanDRI1CastMug.jpg,F1001
F1001C05,Farida Kant,https://static.wikia.nocookie.net/logosrupaulsdragrace/images/f/fb/FaridaKantDRI1CastMug.jpg,F1001
F1001C06,Ivana Vamp,https://static.wikia.nocookie.net/logosrupaulsdragrace/images/f/f7/IvanaVampDRI1CastMug.jpg,F1001
F1001C07,Le Riche,https://static.wikia.nocookie.net/logosrupaulsdragrace/images/8/88/LeRicheDRI1CastMug.jpg,F1001
F1001C08,Luquisha Lubamba,https://static.wikia.nocookie.net/logosrupaulsdragrace/images/9/98/LuquishaLubambaDRI1CastMug.jpg,F1001
F1002C01,Aura Eternal,https://static.wikia.nocookie.net/logosrupaulsdragrace/images/7/77/AuraEternalDRI2CastMug.jpg,F1002
F1002C02,Gioffré,https://static.wikia.nocookie.net/logosrupaulsdragrace/images/e/ec/Gioffr%C3%A9DRI2CastMug.jpg,F1002
F1002C03,La Diamond,https://static.wikia.nocookie.net/logosrupaulsdragrace/images/f/f0/LaDiamondDRI2CastMug.jpg,F1002
F1002C04,La Petite Noire,https://static.wikia.nocookie.net/logosrupaulsdragrace/images/8/88/LaPetiteNoireDRI2CastMug.jpg,F1002
F1002C05,Narciso,https://static.wikia.nocookie.net/logosrupaulsdragrace/images/2/20/NarcisoDRI2CastMug.jpg,F1002
F1002C06,Nehellenia,https://static.wikia.nocookie.net/logosrupaulsdragrace/images/8/8e/NehelleniaDRI2CastMug.jpg,F1002
F1002C07,Obama,https://static.wikia.nocookie.net/logosrupaulsdragrace/images/0/02/ObamaDRI2CastMug.jpg,F1002
F1002C08,Panthera Virus,https://static.wikia.nocookie.net/logosrupaulsdragrace/images/a/ae/PantheraVirusDRI2CastMug.jpg,F1002
F1002C09,Skandalove,https://static.wikia.nocookie.net/logosrupaulsdragrace/images/d/da/SkandaloveDRI2CastMug.jpg,F1002
F1002C10,Tanissa Yoncè,https://static.wikia.nocookie.net/logosrupaulsdragrace/images/4/4d/TanissaYonc%C3%A8DRI2CastMug.jpg,F1002
F0501C01,Baga Chipz,https://static.wikia.nocookie.net/logosrupaulsdragrace/images/9/96/BagaChipzUKvsTWCastMug.jpeg,F0501
F0501C02,Blu Hydrangea,https://static.wikia.nocookie.net/logosrupaulsdragrace/images/0/06/BluHydrangeaUKvsTWCastMug.jpeg,F0501
F0501C03,Cheryl Hole,https://static.wikia.nocookie.net/logosrupaulsdragrace/images/b/bc/CherylHoleUKvsTWCastMug.jpeg,F0501
F0701C03,Janey Jacké,https://static.wikia.nocookie.net/logosrupaulsdragrace/images/5/5c/JaneyJack%C3%A9UKvsTWCastMug.jpeg,F0701
F0208C06,Jimbo,https://static.wikia.nocookie.net/logosrupaulsdragrace/images/2/27/JimboUKvsTWCastMug.jpeg,F0208
F0102C02,Jujubee,https://static.wikia.nocookie.net/logosrupaulsdragrace/images/9/9b/JujubeeUKvsTWCastMug.jpeg,F0102
F0601C08,Lemon,https://static.wikia.nocookie.net/logosrupaulsdragrace/images/6/6a/LemonUKvsTWCastMug.jpeg,F0601
F0110C10,Monique Heart,https://static.wikia.nocookie.net/logosrupaulsdragrace/images/c/ca/MoHeartUKvsTWCastMug.jpeg,F0110
F1101C09,Pangina Heals,https://static.wikia.nocookie.net/logosrupaulsdragrace/images/f/fa/PanginaHealsUKvsTWCastMug.jpeg,F1101
F1201C01,Elips,https://static.wikia.nocookie.net/logosrupaulsdragrace/images/7/76/ElipsDRF1CastMug.jpg,F1201
F1201C02,Kam Hugh,https://static.wikia.nocookie.net/logosrupaulsdragrace/images/d/d5/KamHughDRF1CastMug.jpg,F1201
F1201C03,La Big Bertha,https://static.wikia.nocookie.net/logosrupaulsdragrace/images/a/a5/LaBigBerthaDRF1CastMug.jpg,F1201
F1201C04,La Briochée,https://static.wikia.nocookie.net/logosrupaulsdragrace/images/8/8b/LaBrioch%C3%A9eDRF1CastMug.jpg,F1201
F1201C05,La Grande Dame,https://static.wikia.nocookie.net/logosrupaulsdragrace/images/7/71/LaGrandeDameDRF1CastMug.jpg,F1201
F1201C06,La Kahena,https://static.wikia.nocookie.net/logosrupaulsdragrace/images/3/37/LaKahenaDRF1CastMug.jpg,F1201
F1201C07,Lolita Banana,https://static.wikia.nocookie.net/logosrupaulsdragrace/images/c/cc/LolitaBananaDRF1CastMug.jpg,F1201
F1201C08,Lova Ladiva,https://static.wikia.nocookie.net/logosrupaulsdragrace/images/a/a9/LovaLadivaDRF1CastMug.jpg,F1201
F1201C09,Paloma,https://static.wikia.nocookie.net/logosrupaulsdragrace/images/c/c0/PalomaDRF1CastMug.jpg,F1201
F1201C10,Soa de Muse,https://static.wikia.nocookie.net/logosrupaulsdragrace/images/3/33/SoadeMuseDRF1CastMug.jpg,F1201
F1202C01,Cookie Kunty,https://static.wikia.nocookie.net/logosrupaulsdragrace/images/c/c1/CookieKuntyDRFR2CastMug.jpg,F1202
F1202C02,Ginger Bitch,https://static.wikia.nocookie.net/logosrupaulsdragrace/images/2/27/GingerBitchDRFR2CastMug.jpg,F1202
F1202C03,Keiona,https://static.wikia.nocookie.net/logosrupaulsdragrace/images/4/45/KeionaDRFR2CastMug.jpg,F1202
F1202C04,Kitty Space,https://static.wikia.nocookie.net/logosrupaulsdragrace/images/c/cf/KittySpaceDRFR2CastMug.jpg,F1202
F1202C05,Mami Watta,https://static.wikia.nocookie.net/logosrupaulsdragrace/images/7/75/MamiWattaDRFR2CastMug.jpg,F1202
F1202C06,Moon,https://static.wikia.nocookie.net/logosrupaulsdragrace/images/f/f5/MoonDRFR2CastMug.jpg,F1202
F1202C07,Piche,https://static.wikia.nocookie.net/logosrupaulsdragrace/images/0/0a/PicheDRFR2CastMug.jpg,F1202
F1202C08,Punani,https://static.wikia.nocookie.net/logosrupaulsdragrace/images/f/ff/PunaniDRFR2CastMug.jpg,F1202
F1202C09,Rose,https://static.wikia.nocookie.net/logosrupaulsdragrace/images/e/e0/RoseDRFR2CastMug.jpg,F1202
F1202C10,Sara Forever,https://static.wikia.nocookie.net/logosrupaulsdragrace/images/6/60/SaraForeverDRFR2CastMug.jpg,F1202
F1202C11,Vespi,https://static.wikia.nocookie.net/logosrupaulsdragrace/images/2/22/VespiDRFR2CastMug.jpg,F1202
F1301C01,Brigiding,https://static.wikia.nocookie.net/logosrupaulsdragrace/images/0/00/BrigidingDRP1CastMug.jpg,F1301
F1301C02,Corazon,https://static.wikia.nocookie.net/logosrupaulsdragrace/images/4/48/CorazonDRP1CastMug.jpg,F1301
F1301C03,Eva Le Queen,https://static.wikia.nocookie.net/logosrupaulsdragrace/images/7/7f/EvaLeQueenDRP1CastMug.jpg,F1301
F1301C04,Gigi Era,https://static.wikia.nocookie.net/logosrupaulsdragrace/images/c/cc/GigiEraDRP1CastMug.jpg,F1301
F1301C05,Lady Morgana,https://static.wikia.nocookie.net/logosrupaulsdragrace/images/0/02/LadyMorganaDRP1CastMug.jpg,F1301
F1301C06,Marina Summers,https://static.wikia.nocookie.net/logosrupaulsdragrace/images/b/b6/MarinaSummersDRP1CastMug.jpg,F1301
F1301C07,Minty Fresh,https://static.wikia.nocookie.net/logosrupaulsdragrace/images/6/68/MintyFreshDRP1CastMug.jpg,F1301
F1301C08,Precious Paula Nicole,https://static.wikia.nocookie.net/logosrupaulsdragrace/images/f/f4/PreciousPaulaNicoleDRP1CastMug.jpg,F1301
F1301C09,Prince,https://static.wikia.nocookie.net/logosrupaulsdragrace/images/8/8a/PrinceDRP1CastMug.jpg,F1301
F1301C10,Turing,https://static.wikia.nocookie.net/logosrupaulsdragrace/images/f/f1/TuringDRP1CastMug.jpg,F1301
F1301C11,Viñas Deluxe,https://static.wikia.nocookie.net/logosrupaulsdragrace/images/b/bc/Vi%C3%B1asDeLuxeDRP1CastMug.jpg,F1301
F1301C12,Xilhouete,https://static.wikia.nocookie.net/logosrupaulsdragrace/images/6/63/XilhoueteDRP1CastMug.jpg,F1301
F1302C01,Arizona Brandy,https://static.wikia.nocookie.net/logosrupaulsdragrace/images/6/69/ArizonaBrandyDRPH2CastMug.jpg,F1302
F1302C02,Astrid Mercury,https://static.wikia.nocookie.net/logosrupaulsdragrace/images/0/0c/AstridMercuryDRPH2CastMug.jpg,F1302
F1302C03,Bernie,https://static.wikia.nocookie.net/logosrupaulsdragrace/images/a/a5/BernieDRPH2CastMug.jpg,F1302
F1302C04,Captivating Katkat,https://static.wikia.nocookie.net/logosrupaulsdragrace/images/8/8e/CaptivatingKatkatDRPH2CastMug.jpg,F1302
F1302C05,DeeDee Marié Holliday,https://static.wikia.nocookie.net/logosrupaulsdragrace/images/9/96/DeeDeeMari%C3%A9HollidayDRPH2CastMug.jpg,F1302
F1302C06,Hana Beshie,https://static.wikia.nocookie.net/logosrupaulsdragrace/images/f/fd/HanaBeshieDRPH2CastMug.jpg,F1302
F1302C07,M1ss Jade So,https://static.wikia.nocookie.net/logosrupaulsdragrace/images/7/72/M1ssJadeSoDRPH2CastMug.jpg,F1302
F1302C08,Matilduh,https://static.wikia.nocookie.net/logosrupaulsdragrace/images/4/42/MatilduhDRPH2CastMug.jpg,F1302
F1302C09,Nicole Pardaux,https://static.wikia.nocookie.net/logosrupaulsdragrace/images/d/d0/NicolePardauxDRPH2CastMug.jpg,F1302
F1302C10,Tiny Deluxe,https://static.wikia.nocookie.net/logosrupaulsdragrace/images/d/d3/TinyDeluxeDRPH2CastMug.jpg,F1302
F1302C11,Veruschka Levels,https://static.wikia.nocookie.net/logosrupaulsdragrace/images/9/97/VeruschkaLevelsDRPH2CastMug.jpg,F1302
F1302C12,ØV Cünt,https://static.wikia.nocookie.net/logosrupaulsdragrace/images/8/80/%C3%98VC%C3%BCntDRPH2CastMug.jpg,F1302
F0801C01,Anita Wigl'it,https://static.wikia.nocookie.net/logosrupaulsdragrace/images/6/6c/AnitaWigl%27itCAvsTWCastMug.jpeg,F0801
F0602C05,Icesis Couture,https://static.wikia.nocookie.net/logosrupaulsdragrace/images/1/16/IcesisCoutureCAvsTWCastMug.jpeg,F0602
F0602C06,Kendall Gender,https://static.wikia.nocookie.net/logosrupaulsdragrace/images/5/59/KendallGenderCAvsTWCastMug.jpeg,F0602
F0111C09,Ra'Jah O'Hara,https://static.wikia.nocookie.net/logosrupaulsdragrace/images/2/25/Ra%27JahO%27HaraCAvsTWCastMug.jpeg,F0111
F0601C10,Rita Baga,https://static.wikia.nocookie.net/logosrupaulsdragrace/images/6/6c/RitaBagaCAvsTWCastMug.jpeg,F0601
F0111C12,Silky Nutmeg Ganache,https://static.wikia.nocookie.net/logosrupaulsdragrace/images/a/ac/SilkyNutmegGanacheCAvsTWCastMug.jpeg,F0111
F0602C10,Stephanie Prince,https://static.wikia.nocookie.net/logosrupaulsdragrace/images/b/b6/StephaniePrinceCAvsTWCastMug.jpeg,F0602
F0503C10,Vanity Milan,https://static.wikia.nocookie.net/logosrupaulsdragrace/images/b/bf/VanityMilanCAvsTWCastMug.jpeg,F0503
F0503C12,Victoria Scone,https://static.wikia.nocookie.net/logosrupaulsdragrace/images/f/fa/VictoriaSconeCAvsTWCastMug.jpeg,F0503
F1501C01,Amanda Tears,https://static.wikia.nocookie.net/logosrupaulsdragrace/images/2/2d/AmandaTearsDRBE1CastMug.jpg,F1501
F1501C02,Athena Sorgelikis,https://static.wikia.nocookie.net/logosrupaulsdragrace/images/d/d7/AthenaSorgelikisDRBE1CastMug.jpg,F1501
F1501C03,Brittany Von Bottoks,https://static.wikia.nocookie.net/logosrupaulsdragrace/images/d/dd/BrittanyVonBottoksDRBE1CastMug.jpg,F1501
F1501C04,Drag Couenne,https://static.wikia.nocookie.net/logosrupaulsdragrace/images/4/4e/DragCouenneDRBE1CastMug.jpg,F1501
F1501C05,Edna Sorgelsen,https://static.wikia.nocookie.net/logosrupaulsdragrace/images/2/23/EdnaSorgelsenDRBE1CastMug.jpg,F1501
F1501C06,Mademoiselle Boop,https://static.wikia.nocookie.net/logosrupaulsdragrace/images/8/85/MademoiselleBoopDRBE1CastMug.jpg,F1501
F1501C07,Mocca Bone,https://static.wikia.nocookie.net/logosrupaulsdragrace/images/d/d0/MoccaBoneDRBE1CastMug.jpg,F1501
F1501C08,Peach,https://static.wikia.nocookie.net/logosrupaulsdragrace/images/c/c8/PeachDRBE1CastMug.jpg,F1501
F1501C09,Susan,https://static.wikia.nocookie.net/logosrupaulsdragrace/images/e/e5/SusanDRBE1CastMug.jpg,F1501
F1501C10,Valenciaga,https://static.wikia.nocookie.net/logosrupaulsdragrace/images/6/60/ValenciagaDRBE1CastMug.jpg,F1501
F1601C01,Admira Thunderpussy,https://static.wikia.nocookie.net/logosrupaulsdragrace/images/e/ef/AdmiraThunderpussyDRSV1CastMug.png,F1601
F1601C02,Almighty Aphroditey,https://static.wikia.nocookie.net/logosrupaulsdragrace/images/a/a8/AlmightyAphroditeyDRSV1CastMug.png,F1601
F1601C03,Antonina Nutshell,https://static.wikia.nocookie.net/logosrupaulsdragrace/images/7/7e/AntoninaNutshellDRSV1CastMug.png,F1601
F1601C04,Elecktra,https://static.wikia.nocookie.net/logosrupaulsdragrace/images/7/79/ElecktraDRSV1CastMug.png,F1601
F1601C05,Endigo,https://static.wikia.nocookie.net/logosrupaulsdragrace/images/4/44/EndigoDRSV1CastMug.png,F1601
F1601C06,Fontana,https://static.wikia.nocookie.net/logosrupaulsdragrace/images/2/22/FontanaDRSV1CastMug.png,F1601
F1601C07,Imaa Queen,https://static.wikia.nocookie.net/logosrupaulsdragrace/images/9/90/ImaaQueenDRSV1CastMug.png,F1601
F1601C08,Santana Sexmachine,https://static.wikia.nocookie.net/logosrupaulsdragrace/images/7/70/SantanaSexmachineDRSV1CastMug.png,F1601
F1601C09,Vanity Vain,https://static.wikia.nocookie.net/logosrupaulsdragrace/images/a/a2/VanityVainDRSV1CastMug.png,F1601
F1701C01,Argennis,https://static.wikia.nocookie.net/logosrupaulsdragrace/images/1/1b/ArgennisDRMX1CastMug.jpg,F1701
F1701C02,Cristian Peralta,https://static.wikia.nocookie.net/logosrupaulsdragrace/images/3/38/CristianPeraltaDRMX1CastMug.jpg,F1701
F1701C03,Gala Varo,https://static.wikia.nocookie.net/logosrupaulsdragrace/images/d/db/GalaVaroDRMX1CastMug.jpg,F1701
F1701C04,Lady Kero,https://static.wikia.nocookie.net/logosrupaulsdragrace/images/1/11/LadyKeroDRMX1CastMug.jpg,F1701
F1701C05,Margaret Y Ya,https://static.wikia.nocookie.net/logosrupaulsdragrace/images/8/81/MargaretYYaDRMX1CastMug.jpg,F1701
F1701C06,Matraka,https://static.wikia.nocookie.net/logosrupaulsdragrace/images/d/d1/MatrakaDRMX1CastMug.jpg,F1701
F1701C07,Miss Vallarta,https://static.wikia.nocookie.net/logosrupaulsdragrace/images/6/66/MissVallartaDRMX1CastMug.jpg,F1701
F1701C08,Pixie Pixie,https://static.wikia.nocookie.net/logosrupaulsdragrace/images/e/e8/PixiePixieDRMX1CastMug.jpg,F1701
F1701C09,Regina Voce,https://static.wikia.nocookie.net/logosrupaulsdragrace/images/a/a7/ReginaVoceDRMX1CastMug.jpg,F1701
F1701C10,Serena Morena,https://static.wikia.nocookie.net/logosrupaulsdragrace/images/6/68/SerenaMorenaDRMX1CastMug.jpg,F1701
F1701C11,Vermelha Noir,https://static.wikia.nocookie.net/logosrupaulsdragrace/images/0/0d/VermelhaNoirDRMX1CastMug.jpg,F1701
F1801C01,Aquarela,https://static.wikia.nocookie.net/logosrupaulsdragrace/images/4/41/AquarelaDRBR1CastMug.jpg,F1801
F1801C02,Betina Polaroid,https://static.wikia.nocookie.net/logosrupaulsdragrace/images/c/cd/BetinaPolaroidDRBR1CastMug.jpg,F1801
F1801C03,Dallas de Vil,https://static.wikia.nocookie.net/logosrupaulsdragrace/images/3/3a/DallasDeVilDRBR1CastMug.jpg,F1801
F1801C04,Diva More,https://static.wikia.nocookie.net/logosrupaulsdragrace/images/9/9d/DivaMoreDRBR1CastMug.jpg,F1801
F1801C05,Hellena Malditta,https://static.wikia.nocookie.net/logosrupaulsdragrace/images/6/6b/HellenaMaldittaDRBR1CastMug.jpg,F1801
F1801C06,Melusine Sparkle,https://static.wikia.nocookie.net/logosrupaulsdragrace/images/4/43/MelusineSparkleDRBR1CastMug.jpg,F1801
F1801C07,Miranda Lebrão,https://static.wikia.nocookie.net/logosrupaulsdragrace/images/d/df/MirandaLebr%C3%A3oDRBR1CastMug.jpg,F1801
F1801C08,Naza,https://static.wikia.nocookie.net/logosrupaulsdragrace/images/8/8b/NazaDRBR1CastMug.jpg,F1801
F1801C09,Organzza,https://static.wikia.nocookie.net/logosrupaulsdragrace/images/9/9d/OrganzzaDRBR1CastMug.jpg,F1801
F1801C10,Rubi Ocean,https://static.wikia.nocookie.net/logosrupaulsdragrace/images/f/f3/RubiOceanDRBR1CastMug.jpg,F1801
F1801C11,Shannon Skarllet,https://static.wikia.nocookie.net/logosrupaulsdragrace/images/f/f3/ShannonSkarlletDRBR1CastMug.jpg,F1801
F1801C12,Tristan Soledade,https://static.wikia.nocookie.net/logosrupaulsdragrace/images/5/54/TristanSoledadeDRBR1CastMug.jpg,F1801
F1901C01,Barbie Q,https://static.wikia.nocookie.net/logosrupaulsdragrace/images/5/5d/BarbieQDRGR1CastMug.jpg,F1901
F1901C02,Kelly Heelton,https://static.wikia.nocookie.net/logosrupaulsdragrace/images/3/31/KellyHeeltonDRGR1CastMug.jpg,F1901
F1901C03,Loreley Rivers,https://static.wikia.nocookie.net/logosrupaulsdragrace/images/c/ce/LoreleyRiversDRGR1CastMug.jpg,F1901
F1901C04,LéLé Cocoon,https://static.wikia.nocookie.net/logosrupaulsdragrace/images/7/75/L%C3%A9L%C3%A9CocoonDRGR1CastMug.jpg,F1901
F1901C05,Metamorkid,https://static.wikia.nocookie.net/logosrupaulsdragrace/images/0/06/MetamorkidDRGR1CastMug.jpg,F1901
F1901C06,Nikita Vegas,https://static.wikia.nocookie.net/logosrupaulsdragrace/images/f/fa/NikitaVegasDRGR1CastMug.jpg,F1901
F1901C07,Pandora Nox,https://static.wikia.nocookie.net/logosrupaulsdragrace/images/8/8f/PandoraNoxDRGR1CastMug.jpg,F1901
F1901C08,Tessa Testicle,https://static.wikia.nocookie.net/logosrupaulsdragrace/images/b/b9/TessaTesticleDRGR1CastMug.jpg,F1901
F1901C09,The Only Naomy,https://static.wikia.nocookie.net/logosrupaulsdragrace/images/9/91/TheOnlyNaomyDRGR1CastMug.jpg,F1901
F1901C10,Victoria Shakespears,https://static.wikia.nocookie.net/logosrupaulsdragrace/images/3/3b/VictoriaShakespearsDRGR1CastMug.jpg,F1901
F1901C11,Yvonne Nightstand,https://static.wikia.nocookie.net/logosrupaulsdragrace/images/5/5d/YvonneNightstandDRGR1CastMug.jpg,F1901